/* progrom.c - GENERATED by c_src/tools/gen_roms.py from
 * ../disasm/_survey/roms_extracted/tempest3_cpu64k.bin - do not edit.
 * program ROM (rev 3), CPU $9000-$DFFF. */
#include "progrom.h"

const uint8_t progrom[0x5000] = {
    0x02,0xBB,0x5A,0x30,0x50,0xEE,0x3D,0xA8,0x4D,0x20,0xC5,0x92,0x20,0x34,0x92,0x20, /* $9000 */
    0x2B,0x90,0x20,0x31,0xA8,0xA9,0xFA,0x85,0x5B,0xA9,0x00,0x8D,0x06,0x01,0x85,0x5F, /* $9010 */
    0xA9,0x00,0x85,0x01,0x60,0x20,0x1B,0x92,0x20,0xC5,0x92,0x20,0x8F,0x92,0x20,0x6F, /* $9020 */
    0x92,0x20,0x46,0x92,0x20,0x9F,0x92,0x20,0xAD,0x92,0x20,0x6E,0xC1,0xA9,0xFF,0x8D, /* $9030 */
    0x24,0x01,0x8D,0x48,0x01,0xA9,0x00,0x8D,0x23,0x01,0x60,0xA9,0x10,0x8D,0x02,0x02, /* $9040 */
    0xA9,0x00,0x85,0x29,0x85,0x2B,0xAD,0x21,0x01,0x85,0x2A,0x10,0x02,0xC6,0x2B,0xA2, /* $9050 */
    0x01,0xA5,0x2A,0x0A,0x66,0x2A,0x66,0x29,0xCA,0x10,0xF6,0xA5,0x29,0x18,0x6D,0x22, /* $9060 */
    0x01,0x8D,0x22,0x01,0xA5,0x2A,0x65,0x68,0x85,0x68,0xA5,0x2B,0x65,0x69,0x85,0x69, /* $9070 */
    0xA5,0x5F,0x18,0x69,0x18,0x85,0x5F,0xA5,0x5B,0x69,0x00,0x85,0x5B,0xC9,0xFC,0x90, /* $9080 */
    0x05,0xA9,0x01,0x8D,0x15,0x01,0xA5,0x5F,0x38,0xE5,0x5D,0xA5,0x5B,0xF0,0x02,0xE9, /* $9090 */
    0xFF,0xD0,0x19,0xA5,0x5D,0x85,0x5F,0xA9,0xFF,0x85,0x5B,0xA9,0x04,0x24,0x05,0x30, /* $90A0 */
    0x02,0xA9,0x08,0x85,0x00,0xA6,0x3D,0xA9,0x00,0x9D,0x02,0x01,0xA9,0xFF,0x8D,0x14, /* $90B0 */
    0x01,0x4C,0x49,0x97,0xAD,0x26,0x01,0xA2,0x1C,0xCA,0xDD,0xFE,0x91,0x90,0xFA,0xA0, /* $90C0 */
    0x04,0xAD,0x6A,0x01,0x29,0x04,0xF0,0x12,0xAD,0x1D,0x07,0xC9,0x30,0x90,0x01,0xC8, /* $90D0 */
    0xC9,0x50,0x90,0x01,0xC8,0xC9,0x70,0x90,0x01,0xC8,0xA5,0x09,0x29,0x43,0xC9,0x40, /* $90E0 */
    0xD0,0x02,0xA0,0x1B,0x84,0x29,0xE4,0x29,0xB0,0x02,0xA6,0x29,0x8E,0x27,0x01,0xA5, /* $90F0 */
    0x05,0x10,0x05,0xA9,0x00,0x8D,0x26,0x01,0xA6,0x3F,0x86,0x3D,0xF0,0x03,0x20,0xB2, /* $9100 */
    0x92,0xA9,0x04,0x85,0x7C,0xA9,0xFF,0x85,0x5B,0xA9,0x00,0x8D,0x00,0x02,0x85,0x51, /* $9110 */
    0x85,0x7B,0x8D,0x05,0x06,0xA6,0x05,0x10,0x1B,0xA9,0x14,0x8D,0x05,0x06,0xA9,0xFF, /* $9120 */
    0x8D,0x11,0x01,0xA9,0x16,0x85,0x00,0xA9,0x08,0x85,0x01,0xA9,0x00,0x85,0x9F,0x20, /* $9130 */
    0x96,0xC1,0xA9,0x10,0x85,0x04,0x20,0xAD,0x92,0xCE,0x05,0x06,0x10,0x1B,0xF8,0xA5, /* $9140 */
    0x04,0x38,0xE9,0x01,0x85,0x04,0xD8,0x10,0x04,0xA9,0x10,0x85,0x4E,0xC9,0x03,0xD0, /* $9150 */
    0x03,0x20,0xFE,0xCC,0xA9,0x14,0x8D,0x05,0x06,0x20,0xAB,0xB0,0xA9,0x18,0xA4,0x04, /* $9160 */
    0xC0,0x08,0xB0,0x02,0xA9,0x78,0x25,0x4E,0xF0,0x34,0xA9,0x00,0x85,0x4E,0xAD,0x00, /* $9170 */
    0x02,0xA8,0xA6,0x3D,0x9D,0x02,0x01,0xB9,0xFE,0x91,0x24,0x05,0x30,0x09,0xA0,0x01, /* $9180 */
    0x84,0x48,0xAD,0xCA,0x60,0x29,0x07,0x95,0x46,0x85,0x9F,0x20,0x96,0xC1,0x20,0xC5, /* $9190 */
    0x92,0x20,0x34,0x92,0x20,0x31,0xA8,0xA9,0x02,0x85,0x00,0x20,0xAD,0x92,0xA5,0x4E, /* $91A0 */
    0x29,0x07,0x85,0x4E,0x60,0x0A,0xAA,0xA9,0x00,0x85,0x29,0xBD,0xC6,0x91,0x85,0x2A, /* $91B0 */
    0xBD,0xC7,0x91,0x85,0x2B,0x60,0x00,0x00,0x60,0x00,0x60,0x01,0x20,0x03,0x40,0x05, /* $91C0 */
    0x40,0x07,0x40,0x09,0x40,0x11,0x40,0x13,0x20,0x15,0x00,0x17,0x80,0x18,0x80,0x20, /* $91D0 */
    0x60,0x22,0x80,0x24,0x60,0x26,0x00,0x30,0x00,0x34,0x20,0x38,0x50,0x41,0x90,0x43, /* $91E0 */
    0x20,0x47,0x10,0x53,0x10,0x58,0x40,0x62,0x60,0x65,0x60,0x76,0x80,0x89,0x00,0x02, /* $91F0 */
    0x04,0x06,0x08,0x0A,0x0C,0x0E,0x10,0x13,0x15,0x17,0x19,0x1B,0x1E,0x20,0x23,0x27, /* $9200 */
    0x2B,0x2E,0x30,0x33,0x37,0x3B,0x3E,0x40,0x48,0x50,0xFF,0xA9,0x0E,0x8D,0x00,0x02, /* $9210 */
    0xA9,0xF0,0x85,0x51,0xA9,0x00,0x8D,0x06,0x01,0xA9,0x0F,0x8D,0x01,0x02,0xA9,0x10, /* $9220 */
    0x8D,0x02,0x02,0x60,0xAD,0x5B,0x01,0x8D,0xAB,0x03,0xAD,0x5A,0x01,0xA2,0x0F,0x9D, /* $9230 */
    0xAC,0x03,0xCA,0x10,0xFA,0x60,0xA9,0x00,0xA2,0x3F,0x9D,0x43,0x02,0xCA,0x10,0xFA, /* $9240 */
    0xAE,0xAB,0x03,0xCA,0xAD,0xCA,0x60,0x29,0x0F,0x9D,0x03,0x02,0x8A,0x0A,0x0A,0x0A, /* $9250 */
    0x0A,0x1D,0x03,0x02,0xD0,0x02,0xA9,0x0F,0x9D,0x43,0x02,0xCA,0x10,0xE6,0x60,0xA2, /* $9260 */
    0x06,0xA9,0x00,0x9D,0xDF,0x02,0xCA,0x10,0xFA,0x8D,0x08,0x01,0x8D,0x09,0x01,0x8D, /* $9270 */
    0x45,0x01,0x8D,0x42,0x01,0x8D,0x44,0x01,0x8D,0x43,0x01,0x8D,0x46,0x01,0x60,0xA9, /* $9280 */
    0x00,0xA2,0x0B,0x9D,0xD3,0x02,0xCA,0x10,0xFA,0x8D,0x35,0x01,0x85,0xA6,0x60,0xA2, /* $9290 */
    0x07,0xA9,0x00,0x9D,0x0A,0x03,0xCA,0x10,0xFA,0x8D,0x16,0x01,0x60,0xA9,0x00,0x85, /* $92A0 */
    0x50,0x60,0xA2,0x11,0xBD,0xAA,0x03,0xBC,0xBC,0x03,0x9D,0xBC,0x03,0x98,0x9D,0xAA, /* $92B0 */
    0x03,0xCA,0x10,0xF0,0x60,0xA5,0x9F,0xC9,0x62,0x90,0x07,0xAD,0xDA,0x60,0x29,0x1F, /* $92C0 */
    0x09,0x40,0x85,0x2B,0xE6,0x2B,0xA2,0x6F,0x86,0x37,0xA6,0x37,0xBD,0x07,0x96,0x85, /* $92D0 */
    0x3C,0xBD,0x06,0x96,0x85,0x3B,0xBD,0x05,0x96,0x85,0x2D,0xBD,0x04,0x96,0x85,0x2C, /* $92E0 */
    0xA9,0x01,0x85,0x38,0xA0,0x00,0xB1,0x2C,0x8D,0x5E,0x01,0xF0,0x1C,0xA5,0x2B,0xC8, /* $92F0 */
    0xD1,0x2C,0xC8,0x90,0x0E,0xD1,0x2C,0xD0,0x01,0x18,0xB0,0x07,0xC8,0x20,0x77,0x96, /* $9300 */
    0x4C,0x19,0x93,0x20,0x83,0x96,0x18,0x90,0xDD,0xA0,0x00,0x91,0x3B,0xA5,0x37,0x38, /* $9310 */
    0xE9,0x04,0x85,0x37,0xC9,0xFF,0xD0,0xB2,0xAD,0x6A,0x01,0x29,0x03,0xC9,0x01,0xD0, /* $9320 */
    0x1C,0xCE,0x1A,0x01,0xAD,0x60,0x01,0x49,0xFF,0x4A,0x4A,0x4A,0x6D,0x60,0x01,0x8D, /* $9330 */
    0x60,0x01,0xA5,0x9F,0xC9,0x11,0xB0,0x02,0xC6,0xB3,0xB8,0x50,0x35,0xC9,0x02,0xD0, /* $9340 */
    0x31,0xEE,0x1A,0x01,0xAD,0x1A,0x01,0xC9,0x03,0x90,0x05,0xA9,0x03,0x8D,0x1A,0x01, /* $9350 */
    0xAD,0x60,0x01,0x4A,0x4A,0x4A,0x09,0xE0,0x6D,0x60,0x01,0x8D,0x60,0x01,0xAD,0x5B, /* $9360 */
    0x01,0x4A,0x4A,0x4A,0x6D,0x5B,0x01,0x8D,0x5B,0x01,0xAD,0x6D,0x01,0x09,0x40,0x8D, /* $9370 */
    0x6D,0x01,0xAD,0x63,0x01,0x20,0xE0,0x93,0x8D,0x63,0x01,0x8C,0x68,0x01,0x8E,0x54, /* $9380 */
    0x01,0xAD,0x20,0x01,0x20,0xE0,0x93,0x8D,0x20,0x01,0x8C,0x18,0x01,0x86,0xA7,0xAD, /* $9390 */
    0x60,0x01,0x20,0xE0,0x93,0x8D,0x60,0x01,0x8D,0x62,0x01,0x8C,0x67,0x01,0x8C,0x65, /* $93A0 */
    0x01,0x8E,0x51,0x01,0x8E,0x53,0x01,0x8E,0x52,0x01,0xAD,0x60,0x01,0x0A,0x8D,0x64, /* $93B0 */
    0x01,0xAD,0x65,0x01,0x2A,0x8D,0x69,0x01,0xA9,0x06,0x8D,0x55,0x01,0xA9,0xA0,0x8D, /* $93C0 */
    0x61,0x01,0xA9,0xFE,0x8D,0x66,0x01,0xA9,0x01,0x8D,0x4A,0x01,0x8D,0x49,0x01,0x60, /* $93D0 */
    0xA0,0xFF,0x84,0x29,0x0A,0x26,0x29,0x0A,0x26,0x29,0x0A,0x26,0x29,0xA4,0x29,0x48, /* $93E0 */
    0x98,0x49,0xFF,0x18,0x69,0x0D,0x4A,0xAA,0x68,0x60,0x08,0x01,0x14,0x50,0xFD,0x02, /* $93F0 */
    0x15,0x40,0x14,0x02,0x41,0x63,0x0A,0x04,0x01,0x09,0x01,0x01,0x01,0x02,0x03,0x02, /* $9400 */
    0x02,0x03,0x03,0x02,0x0A,0x40,0x02,0x02,0x41,0x63,0x03,0x08,0x01,0x08,0xD4,0xFB, /* $9410 */
    0x04,0x09,0x10,0xAF,0xAC,0xAC,0xAC,0xA8,0xA4,0xA0,0xA0,0x08,0x11,0x19,0xAF,0xFD, /* $9420 */
    0x08,0x1A,0x20,0x9D,0xFD,0x08,0x21,0x27,0x94,0xFD,0x08,0x28,0x30,0x92,0xFF,0x08, /* $9430 */
    0x31,0x40,0x88,0xFF,0x0C,0x41,0x63,0x60,0x41,0x0A,0x01,0x63,0xC0,0x0A,0x01,0x14, /* $9440 */
    0x00,0x0A,0x15,0x20,0xD0,0x0A,0x21,0x30,0xD8,0x0A,0x31,0x63,0xD0,0x02,0x01,0x20, /* $9450 */
    0xA0,0x02,0x21,0x40,0xA0,0x02,0x41,0x63,0xC0,0x02,0x01,0x30,0x04,0x02,0x31,0x40, /* $9460 */
    0x06,0x02,0x41,0x63,0x08,0x02,0x01,0x20,0x01,0x02,0x21,0x28,0x03,0x02,0x29,0x63, /* $9470 */
    0x02,0x02,0x01,0x30,0x01,0x02,0x31,0x63,0x03,0x04,0x01,0x04,0x00,0x00,0x00,0x01, /* $9480 */
    0x02,0x05,0x10,0x02,0x02,0x11,0x13,0x00,0x02,0x14,0x20,0x01,0x02,0x23,0x27,0x01, /* $9490 */
    0x02,0x2C,0x63,0x01,0x00,0x04,0x01,0x06,0x00,0x00,0x00,0x02,0x03,0x04,0x02,0x07, /* $94A0 */
    0x0A,0x04,0x02,0x0B,0x10,0x03,0x02,0x14,0x19,0x02,0x04,0x1A,0x20,0x01,0x02,0x02, /* $94B0 */
    0x02,0x01,0x01,0x02,0x02,0x35,0x27,0x01,0x02,0x2B,0x63,0x01,0x00,0x02,0x01,0x04, /* $94C0 */
    0x01,0x02,0x05,0x63,0x00,0x00,0x02,0x01,0x04,0x04,0x02,0x05,0x10,0x05,0x02,0x11, /* $94D0 */
    0x13,0x03,0x02,0x14,0x19,0x04,0x02,0x1A,0x63,0x05,0x00,0x04,0x01,0x04,0x00,0x00, /* $94E0 */
    0x01,0x00,0x02,0x05,0x10,0x01,0x02,0x11,0x20,0x01,0x02,0x21,0x27,0x01,0x02,0x28, /* $94F0 */
    0x63,0x01,0x00,0x04,0x01,0x05,0x00,0x00,0x01,0x00,0x01,0x02,0x06,0x10,0x02,0x02, /* $9500 */
    0x11,0x1A,0x01,0x02,0x1B,0x20,0x01,0x02,0x21,0x2C,0x02,0x02,0x2D,0x63,0x03,0x00, /* $9510 */
    0x02,0x11,0x20,0x02,0x02,0x21,0x63,0x01,0x00,0x04,0x11,0x20,0x05,0x03,0x02,0x02, /* $9520 */
    0x02,0x02,0x02,0x02,0x02,0x02,0x02,0x02,0x02,0x03,0x04,0x02,0x02,0x21,0x63,0x03, /* $9530 */
    0x00,0x02,0x0B,0x10,0x01,0x02,0x16,0x19,0x01,0x02,0x1B,0x63,0x01,0x00,0x02,0x0B, /* $9540 */
    0x10,0x01,0x02,0x16,0x19,0x01,0x02,0x1B,0x20,0x01,0x02,0x21,0x27,0x04,0x02,0x28, /* $9550 */
    0x63,0x03,0x00,0x04,0x11,0x12,0x28,0x14,0x0C,0x13,0x20,0x14,0x28,0x08,0x21,0x27, /* $9560 */
    0x14,0xFF,0x0C,0x28,0x63,0x14,0x0A,0x00,0x0C,0x11,0x20,0x00,0x40,0x0C,0x21,0x30, /* $9570 */
    0x40,0xC0,0x02,0x31,0x63,0xC0,0x00,0x02,0x01,0x10,0xDC,0x02,0x11,0x27,0xC0,0x08, /* $9580 */
    0x28,0x40,0xC0,0x01,0x02,0x41,0x63,0xE6,0x02,0x01,0x63,0x06,0x06,0x01,0x63,0x00, /* $9590 */
    0x00,0x00,0xE0,0xD8,0xD4,0xD0,0xC8,0xC0,0xB8,0xB0,0xA8,0xA0,0xA0,0xA0,0xA8,0xA0, /* $95A0 */
    0x9C,0x9A,0x98,0x04,0x01,0x10,0x0A,0x0C,0x0F,0x11,0x14,0x16,0x14,0x18,0x1B,0x1D, /* $95B0 */
    0x1B,0x18,0x1A,0x1C,0x1E,0x1B,0x08,0x11,0x1A,0x14,0x01,0x02,0x1B,0x27,0x1B,0x08, /* $95C0 */
    0x28,0x30,0x1D,0x01,0x08,0x31,0x40,0x1F,0x01,0x08,0x41,0x50,0x23,0x01,0x08,0x51, /* $95D0 */
    0x63,0x2B,0x01,0x02,0x01,0x14,0x02,0x02,0x15,0x20,0x02,0x02,0x21,0x63,0x03,0x02, /* $95E0 */
    0x3C,0x63,0x40,0x00,0x06,0x01,0x63,0x07,0x0B,0x19,0x24,0x53,0x0B,0x24,0x19,0x53, /* $95F0 */
    0x87,0x24,0x19,0x53,0x07,0x87,0x24,0xEF,0x95,0x6D,0x01,0xE3,0x95,0xB3,0x00,0xFA, /* $9600 */
    0x93,0x19,0x01,0x07,0x94,0x1A,0x01,0xCD,0x94,0x29,0x01,0xD6,0x94,0x2E,0x01,0x20, /* $9610 */
    0x95,0x2A,0x01,0x29,0x95,0x2F,0x01,0xEB,0x94,0x2B,0x01,0x03,0x95,0x30,0x01,0x89, /* $9620 */
    0x94,0x2C,0x01,0xA5,0x94,0x31,0x01,0x41,0x95,0x2D,0x01,0x4E,0x95,0x32,0x01,0x5D, /* $9630 */
    0x94,0x57,0x01,0x69,0x94,0x47,0x01,0x75,0x94,0x4B,0x01,0x81,0x94,0x4C,0x01,0x98, /* $9640 */
    0x95,0x1C,0x01,0xB3,0x95,0x5B,0x01,0x9C,0x95,0x5A,0x01,0x63,0x95,0xB2,0x00,0xF4, /* $9650 */
    0x95,0x5D,0x01,0x4D,0x94,0x63,0x01,0x49,0x94,0x20,0x01,0x1B,0x94,0x60,0x01,0x78, /* $9660 */
    0x95,0x59,0x01,0x87,0x95,0x5F,0x01,0xAE,0x5E,0x01,0xBD,0x90,0x96,0x48,0xBD,0x8F, /* $9670 */
    0x96,0x48,0x60,0xAE,0x5E,0x01,0xBD,0x9E,0x96,0x48,0xBD,0x9D,0x96,0x48,0x60,0x00, /* $9680 */
    0x00,0xC3,0x96,0xB6,0x96,0xAA,0x96,0xE1,0x96,0xDA,0x96,0xFF,0x96,0x00,0x00,0xC7, /* $9690 */
    0x96,0xCA,0x96,0xCA,0x96,0xC6,0x96,0xC7,0x96,0xC6,0x96,0xA5,0x2B,0x38,0xE9,0x01, /* $96A0 */
    0x29,0x0F,0x18,0x69,0x01,0x10,0x02,0xA5,0x2B,0x84,0x29,0x88,0x88,0x38,0xF1,0x2C, /* $96B0 */
    0x18,0x65,0x29,0xA8,0xB1,0x2C,0x60,0xC8,0xC8,0xC8,0x60,0xB1,0x2C,0x88,0x38,0xF1, /* $96C0 */
    0x2C,0x85,0x29,0x98,0x38,0x65,0x29,0xA8,0xC8,0xC8,0x60,0xB1,0x2C,0x18,0x6D,0x60, /* $96D0 */
    0x01,0x60,0x20,0xF4,0x96,0xAA,0xB1,0x2C,0xC8,0xE0,0x00,0xF0,0x06,0x18,0x71,0x2C, /* $96E0 */
    0xCA,0xD0,0xFA,0x60,0xA5,0x2B,0x84,0x29,0x88,0x88,0x38,0xF1,0x2C,0xC8,0xC8,0x60, /* $96F0 */
    0x20,0xF4,0x96,0x29,0x01,0xF0,0x01,0xC8,0xB1,0x2C,0x60,0x20,0x49,0x97,0x20,0x3F, /* $9700 */
    0xA2,0x20,0x3A,0xA8,0x20,0xA2,0x98,0x20,0x1E,0x9B,0x20,0x8F,0xA1,0x20,0xA6,0xA2, /* $9710 */
    0x20,0x54,0xA4,0x20,0x16,0xA4,0x4C,0x04,0xA5,0xAD,0x23,0x01,0x29,0x7F,0x8D,0x23, /* $9720 */
    0x01,0x20,0x49,0x97,0x20,0xF8,0x97,0x20,0x16,0xA4,0x20,0x3F,0xA2,0x20,0x8F,0xA1, /* $9730 */
    0xAD,0x01,0x02,0x10,0x03,0x20,0x04,0xA5,0x60,0xAD,0x01,0x02,0x10,0x01,0x60,0xA2, /* $9740 */
    0x00,0xA5,0x05,0x30,0x06,0x20,0xC5,0x97,0xB8,0x50,0x15,0xA5,0x50,0x10,0x09,0xC9, /* $9750 */
    0xE1,0xB0,0x02,0xA9,0xE1,0xB8,0x50,0x06,0xC9,0x1F,0x90,0x02,0xA9,0x1F,0x86,0x50, /* $9760 */
    0x85,0x2B,0x49,0xFF,0x38,0x65,0x51,0x85,0x2C,0xAE,0x11,0x01,0xF0,0x1F,0xC9,0xF0, /* $9770 */
    0x90,0x04,0xA9,0xEF,0x85,0x2C,0x45,0x2B,0x10,0x13,0xA5,0x2C,0x45,0x51,0x10,0x0D, /* $9780 */
    0xA5,0x51,0x30,0x05,0xA9,0x00,0xB8,0x50,0x02,0xA9,0xEF,0x85,0x2C,0xA5,0x2C,0x4A, /* $9790 */
    0x4A,0x4A,0x4A,0x85,0x2A,0x18,0x69,0x01,0x29,0x0F,0x85,0x2B,0xA5,0x2A,0xCD,0x00, /* $97A0 */
    0x02,0xF0,0x03,0x20,0xB5,0xCC,0xA5,0x2A,0x8D,0x00,0x02,0xA5,0x2B,0x8D,0x01,0x02, /* $97B0 */
    0xA5,0x2C,0x85,0x51,0x60,0xA9,0xFF,0x85,0x29,0x85,0x2A,0xAE,0x1C,0x01,0xBD,0xDF, /* $97C0 */
    0x02,0xF0,0x08,0xC5,0x29,0xB0,0x04,0x85,0x29,0x86,0x2A,0xCA,0x10,0xF0,0xA6,0x2A, /* $97D0 */
    0x30,0x15,0xBD,0xB9,0x02,0xAC,0x00,0x02,0x20,0xA6,0xA7,0xA8,0xF0,0x09,0x30,0x05, /* $97E0 */
    0xA9,0xF7,0xB8,0x50,0x02,0xA9,0x09,0x60,0xAD,0x01,0x02,0x10,0x01,0x60,0xAD,0x06, /* $97F0 */
    0x01,0x30,0x01,0x60,0xAD,0x02,0x02,0xC9,0x10,0xD0,0x03,0x20,0xEE,0xCC,0xAD,0x07, /* $9800 */
    0x01,0x18,0x6D,0x04,0x01,0x8D,0x07,0x01,0xAD,0x02,0x02,0x6D,0x05,0x01,0x8D,0x02, /* $9810 */
    0x02,0xB0,0x02,0xC9,0xF0,0x90,0x0C,0xA9,0x0E,0x85,0x00,0x20,0xF2,0xCC,0xA9,0xFF, /* $9820 */
    0x8D,0x02,0x02,0xAD,0x02,0x02,0xC9,0x50,0x90,0x08,0xAD,0x15,0x01,0xD0,0x03,0x20, /* $9830 */
    0xBD,0xA7,0xA5,0x5C,0x18,0x6D,0x04,0x01,0x85,0x5C,0xA5,0x5F,0x6D,0x05,0x01,0x90, /* $9840 */
    0x02,0xE6,0x5B,0xC5,0x5F,0xF0,0x03,0xEE,0x14,0x01,0x85,0x5F,0xA5,0x9F,0x0A,0x0A, /* $9850 */
    0xC9,0x30,0x90,0x02,0xA9,0x30,0x18,0x69,0x20,0x18,0x6D,0x04,0x01,0x8D,0x04,0x01, /* $9860 */
    0xAD,0x05,0x01,0x69,0x00,0x8D,0x05,0x01,0xAD,0x02,0x02,0xC9,0xF0,0xB0,0x22,0xA2, /* $9870 */
    0x0F,0xBD,0xAC,0x03,0xF0,0x18,0xEC,0x00,0x02,0xD0,0x13,0xCD,0x02,0x02,0xB0,0x0E, /* $9880 */
    0x20,0x06,0xCD,0x20,0x47,0xA3,0xA9,0x00,0x8D,0x15,0x01,0x20,0x8F,0x92,0xCA,0x10, /* $9890 */
    0xE0,0x60,0xA0,0x00,0x8C,0x4F,0x01,0xAD,0x08,0x01,0x18,0x6D,0x09,0x01,0xCD,0x1C, /* $98A0 */
    0x01,0x90,0x04,0xF0,0x02,0xA0,0xFF,0xAD,0x25,0x01,0xF0,0x02,0xA0,0xFF,0x84,0x2F, /* $98B0 */
    0xA2,0x3F,0xBD,0x43,0x02,0xF0,0x52,0x24,0x2F,0x30,0x23,0x38,0xE9,0x01,0x9D,0x43, /* $98C0 */
    0x02,0xD0,0x06,0x20,0x23,0x99,0xB8,0x50,0x15,0xC9,0x3F,0xD0,0x11,0xBC,0x03,0x02, /* $98D0 */
    0xAD,0x4F,0x01,0x0D,0x4F,0x01,0x39,0x38,0xCA,0xF0,0x03,0xFE,0x43,0x02,0xBD,0x43, /* $98E0 */
    0x02,0xC9,0x40,0x90,0x14,0xA5,0x03,0x29,0x01,0xD0,0x0B,0xBD,0x03,0x02,0x18,0x69, /* $98F0 */
    0x01,0x29,0x0F,0x9D,0x03,0x02,0xB8,0x50,0x10,0xC9,0x20,0x90,0x0C,0xBC,0x03,0x02, /* $9900 */
    0xB9,0x38,0xCA,0x0D,0x4F,0x01,0x8D,0x4F,0x01,0xCA,0x10,0xA6,0xAD,0x4F,0x01,0x8D, /* $9910 */
    0x50,0x01,0x60,0xA9,0xF0,0x85,0x29,0xBD,0x03,0x02,0x85,0x2A,0x86,0x35,0x20,0xA5, /* $9920 */
    0x99,0xA6,0x35,0xA5,0x29,0xF0,0x0E,0x20,0x4D,0x99,0xF0,0x09,0xCE,0xAB,0x03,0xA9, /* $9930 */
    0x00,0x9D,0x43,0x02,0x60,0xA9,0xFF,0x85,0x2F,0xFE,0x43,0x02,0x60,0x84,0x36,0xAC, /* $9940 */
    0x1C,0x01,0xB9,0xDF,0x02,0xD0,0x46,0xA5,0x29,0x99,0xDF,0x02,0xA5,0x2A,0xC9,0x0F, /* $9950 */
    0xD0,0x0A,0x2C,0x11,0x01,0x10,0x05,0xAD,0xCA,0x60,0x29,0x0E,0x99,0xB9,0x02,0x18, /* $9960 */
    0x69,0x01,0x29,0x0F,0x99,0xCC,0x02,0xA9,0x00,0x99,0xA6,0x02,0xA5,0x2C,0x99,0x8A, /* $9970 */
    0x02,0xA5,0x2D,0x99,0x91,0x02,0xEE,0x08,0x01,0xA5,0x2B,0x99,0x83,0x02,0xA4,0x36, /* $9980 */
    0x29,0x07,0x86,0x36,0xAA,0xFE,0x42,0x01,0xA6,0x36,0xA9,0x10,0x60,0x88,0x10,0xB2, /* $9990 */
    0xA4,0x36,0xA9,0x00,0x60,0xA9,0x00,0xA2,0x04,0x9D,0x3D,0x01,0xCA,0x10,0xFA,0xA2, /* $99A0 */
    0x04,0xBD,0x2E,0x01,0x38,0xFD,0x42,0x01,0x90,0x03,0x9D,0x3D,0x01,0xCA,0x10,0xF1, /* $99B0 */
    0xAC,0x1C,0x01,0xB9,0xDF,0x02,0xF0,0x14,0xB9,0x8A,0x02,0x29,0x03,0xF0,0x0D,0xAA, /* $99C0 */
    0xE0,0x03,0xD0,0x02,0xA2,0x05,0xDE,0x3C,0x01,0xDE,0x3C,0x01,0x88,0x10,0xE4,0xA2, /* $99D0 */
    0x04,0xAD,0x1C,0x01,0x18,0x69,0x01,0x38,0xFD,0x42,0x01,0xCA,0x10,0xF9,0xA2,0x04, /* $99E0 */
    0xDD,0x3D,0x01,0xB0,0x03,0x9D,0x3D,0x01,0xCA,0x10,0xF5,0xA2,0x04,0xA0,0x00,0xBD, /* $99F0 */
    0x3D,0x01,0xF0,0x01,0xC8,0xCA,0x10,0xF7,0x98,0xF0,0x77,0x88,0xD0,0x18,0xA2,0x04, /* $9A00 */
    0xBD,0x3D,0x01,0xF0,0x0B,0xBD,0x29,0x01,0xF0,0x06,0x20,0x87,0x9A,0xF0,0x01,0x60, /* $9A10 */
    0xCA,0x10,0xED,0xB8,0x50,0x5C,0x84,0x61,0xA2,0x04,0xBD,0x3D,0x01,0xF0,0x0E,0xBD, /* $9A20 */
    0x42,0x01,0xDD,0x29,0x01,0xB0,0x06,0x20,0x87,0x9A,0xF0,0x01,0x60,0xCA,0x10,0xEA, /* $9A30 */
    0xAD,0x40,0x01,0xF0,0x1C,0xAD,0x3F,0x01,0xF0,0x17,0xA4,0x2A,0xB9,0xAC,0x03,0xD0, /* $9A40 */
    0x02,0xA9,0xFF,0xA2,0x03,0xC9,0xCC,0xB0,0x02,0xA2,0x02,0x20,0x87,0x9A,0xF0,0x01, /* $9A50 */
    0x60,0xAD,0xDA,0x60,0x29,0x03,0xAA,0xE8,0xA0,0x04,0xBD,0x29,0x01,0xF0,0x0B,0xBD, /* $9A60 */
    0x3D,0x01,0xF0,0x06,0x20,0x87,0x9A,0xF0,0x01,0x60,0xCA,0x10,0x02,0xA2,0x04,0x88, /* $9A70 */
    0x10,0xE8,0xA9,0x00,0x85,0x29,0x60,0x8A,0x0A,0xA8,0xB9,0x94,0x9A,0x48,0xB9,0x93, /* $9A80 */
    0x9A,0x48,0x60,0x9C,0x9A,0xA8,0x9A,0xBA,0x9A,0xB6,0x9A,0xB2,0x9A,0xAD,0x02,0x9B, /* $9A90 */
    0x85,0x2C,0xAD,0x5D,0x01,0xA0,0x00,0xF0,0x4D,0xAD,0x03,0x9B,0x0D,0x6D,0x01,0xA0, /* $9AA0 */
    0x01,0xD0,0x3E,0xA0,0x04,0xD0,0x37,0xA0,0x03,0xD0,0x33,0xAD,0xCA,0x60,0x29,0x03, /* $9AB0 */
    0xA8,0xA9,0x04,0x85,0x2B,0x86,0x39,0xC6,0x2B,0x10,0x05,0xA6,0x39,0xA9,0x00,0x60, /* $9AC0 */
    0x88,0x10,0x02,0xA0,0x03,0xBE,0x49,0x01,0xE0,0x03,0xD0,0x02,0xA2,0x05,0xBD,0x3C, /* $9AD0 */
    0x01,0xF0,0xE4,0xA6,0x39,0xB9,0x49,0x01,0x09,0x40,0xA0,0x02,0xD0,0x03,0xB9,0x02, /* $9AE0 */
    0x9B,0x85,0x2C,0xB9,0xFD,0x9A,0x84,0x2B,0x85,0x2D,0xA5,0x29,0x60,0x07,0x72,0x07, /* $9AF0 */
    0x00,0x61,0x40,0x00,0x41,0x40,0x00,0x84,0x36,0xA5,0x29,0xC9,0x20,0xA5,0x2B,0xB0, /* $9B00 */
    0x07,0xA8,0x20,0xEE,0x9A,0xB8,0x50,0x03,0x20,0x88,0x9A,0xA4,0x36,0x60,0xAD,0x01, /* $9B10 */
    0x02,0x30,0x33,0xAE,0x1C,0x01,0x86,0x37,0xA6,0x37,0xBD,0xDF,0x02,0xF0,0x23,0xA9, /* $9B20 */
    0x01,0x8D,0x0A,0x01,0xBD,0x91,0x02,0x8D,0x0B,0x01,0xAD,0x0B,0x01,0xA8,0xB9,0xF7, /* $9B30 */
    0xA0,0x20,0x98,0x9B,0xEE,0x0B,0x01,0xAD,0x0A,0x01,0xD0,0xEE,0xAD,0x0B,0x01,0x9D, /* $9B40 */
    0x91,0x02,0xC6,0x37,0x10,0xD2,0xAD,0x48,0x01,0x18,0x6D,0x47,0x01,0xA8,0x4D,0x48, /* $9B50 */
    0x01,0x8C,0x48,0x01,0x10,0x16,0x98,0x10,0x06,0x20,0x06,0xCD,0xB8,0x50,0x0D,0xAD, /* $9B60 */
    0x43,0x01,0xF0,0x08,0xAD,0x01,0x02,0x30,0x03,0x20,0x02,0xCD,0xAD,0x48,0x01,0x30, /* $9B70 */
    0x07,0xC9,0x0F,0xB0,0x07,0xB8,0x50,0x0F,0xC9,0xC1,0xB0,0x0B,0xAD,0x47,0x01,0x49, /* $9B80 */
    0xFF,0x18,0x69,0x01,0x8D,0x47,0x01,0x60,0xA8,0xB9,0xA3,0x9B,0x48,0xB9,0xA2,0x9B, /* $9B90 */
    0x48,0x60,0xC9,0x9B,0xCF,0x9B,0xED,0x9B,0x16,0x9C,0x0B,0x9C,0xCE,0x9B,0x57,0x9C, /* $9BA0 */
    0xC3,0x9F,0xDC,0x9B,0x5B,0x9E,0x81,0x9D,0x4E,0x9C,0x2E,0x9E,0xF9,0x9B,0x20,0x9C, /* $9BB0 */
    0xF0,0x9E,0x47,0x9E,0xB5,0x9C,0x66,0x9D,0x3A,0x9C,0xA9,0x00,0x8D,0x0A,0x01,0x60, /* $9BC0 */
    0xEE,0x0B,0x01,0xAC,0x0B,0x01,0xB9,0xF7,0xA0,0x9D,0x98,0x02,0x60,0xEE,0x0B,0x01, /* $9BD0 */
    0xAC,0x0B,0x01,0xB9,0xF7,0xA0,0xA8,0xB9,0x00,0x00,0x9D,0x98,0x02,0x60,0xAD,0x0C, /* $9BE0 */
    0x01,0xD0,0x06,0xEE,0x0B,0x01,0xEE,0x0B,0x01,0x60,0xEE,0x0B,0x01,0xAD,0x0C,0x01, /* $9BF0 */
    0xD0,0x09,0xAC,0x0B,0x01,0xB9,0xF7,0xA0,0x8D,0x0B,0x01,0x60,0xDE,0x98,0x02,0xD0, /* $9C00 */
    0x06,0xEE,0x0B,0x01,0xB8,0x50,0x09,0xAC,0x0B,0x01,0xB9,0xF8,0xA0,0x8D,0x0B,0x01, /* $9C10 */
    0x60,0xBC,0xB9,0x02,0xB9,0xAC,0x03,0xD0,0x02,0xA9,0xFF,0xDD,0xDF,0x02,0xB0,0x05, /* $9C20 */
    0xA9,0x00,0xB8,0x50,0x02,0xA9,0x01,0x8D,0x0C,0x01,0x60,0xAD,0x47,0x01,0x0A,0x0A, /* $9C30 */
    0x18,0x6D,0x48,0x01,0x2D,0x48,0x01,0x29,0x80,0x49,0x80,0x8D,0x0C,0x01,0x60,0xBD, /* $9C40 */
    0x83,0x02,0x49,0x40,0x9D,0x83,0x02,0x60,0xBD,0x83,0x02,0x29,0x07,0xA8,0xBD,0x8A, /* $9C50 */
    0x02,0x30,0x36,0xBD,0x9F,0x02,0x18,0x79,0x60,0x01,0x9D,0x9F,0x02,0xBD,0xDF,0x02, /* $9C60 */
    0x79,0x65,0x01,0x9D,0xDF,0x02,0xCD,0x02,0x02,0xF0,0x02,0xB0,0x06,0x20,0x06,0x9D, /* $9C70 */
    0xB8,0x50,0x13,0xC9,0x20,0xB0,0x0F,0xBD,0x8A,0x02,0x29,0x03,0xF0,0x08,0x8A,0x48, /* $9C80 */
    0xA8,0x20,0x6F,0xA0,0x68,0xAA,0xB8,0x50,0x1C,0xBD,0x9F,0x02,0x38,0xF9,0x60,0x01, /* $9C90 */
    0x9D,0x9F,0x02,0xBD,0xDF,0x02,0xF9,0x65,0x01,0x9D,0xDF,0x02,0xC9,0xF0,0x90,0x05, /* $9CA0 */
    0xA9,0xF2,0x9D,0xDF,0x02,0x60,0xA0,0x01,0xBD,0x8A,0x02,0x30,0x10,0xBD,0xDF,0x02, /* $9CB0 */
    0xCD,0x57,0x01,0x90,0x02,0xA0,0x00,0x20,0x63,0x9C,0xB8,0x50,0x17,0x20,0x99,0x9C, /* $9CC0 */
    0xAC,0xAB,0x03,0xD0,0x02,0xA9,0xFF,0xCD,0x57,0x01,0x90,0x08,0xBD,0x8A,0x02,0x49, /* $9CD0 */
    0x80,0x9D,0x8A,0x02,0xAD,0x48,0x01,0x30,0x1B,0xBD,0xDF,0x02,0xCD,0x57,0x01,0xB0, /* $9CE0 */
    0x13,0xAD,0x00,0x02,0xDD,0xB9,0x02,0xD0,0x0B,0xAD,0x01,0x02,0xDD,0xCC,0x02,0xD0, /* $9CF0 */
    0x03,0x20,0x47,0xA3,0x60,0x16,0xAD,0x02,0x02,0x9D,0xDF,0x02,0xBD,0x83,0x02,0x29, /* $9D00 */
    0x07,0xC9,0x01,0xD0,0x0E,0xAD,0xAB,0x03,0xF0,0x09,0xBD,0x8A,0x02,0x49,0x80,0x9D, /* $9D10 */
    0x8A,0x02,0x60,0xBD,0x83,0x02,0x10,0x04,0xFE,0xDF,0x02,0x60,0xCE,0x08,0x01,0xAD, /* $9D20 */
    0x09,0x01,0xC9,0x01,0xF0,0x06,0x20,0x67,0x9D,0xB8,0x50,0x22,0xA0,0x06,0xB9,0xDF, /* $9D30 */
    0x02,0xF0,0x0E,0x84,0x38,0xE4,0x38,0xF0,0x08,0xB9,0xDF,0x02,0xCD,0x02,0x02,0xF0, /* $9D40 */
    0x03,0x88,0x10,0xEA,0xB9,0x83,0x02,0x29,0x40,0x49,0x40,0x9D,0x83,0x02,0xA9,0x41, /* $9D50 */
    0x8D,0x0B,0x01,0xEE,0x09,0x01,0x60,0xBD,0xB9,0x02,0xA8,0xAD,0x00,0x02,0x20,0xA6, /* $9D60 */
    0xA7,0x0A,0xBD,0x83,0x02,0xB0,0x05,0x09,0x40,0xB8,0x50,0x02,0x29,0xBF,0x9D,0x83, /* $9D70 */
    0x02,0x60,0xBC,0xCC,0x02,0xBD,0x83,0x02,0x29,0x40,0xD0,0x04,0xC8,0xB8,0x50,0x01, /* $9D80 */
    0x88,0x98,0x29,0x0F,0x09,0x80,0x9D,0xCC,0x02,0xBD,0x83,0x02,0x29,0x07,0xC9,0x04, /* $9D90 */
    0xD0,0x4C,0xBD,0xCC,0x02,0x29,0x07,0xD0,0x42,0xBD,0xCC,0x02,0x29,0x08,0xF0,0x0B, /* $9DA0 */
    0xBD,0xB9,0x02,0x18,0x69,0x01,0x29,0x0F,0x9D,0xB9,0x02,0xBD,0x83,0x02,0x29,0x7F, /* $9DB0 */
    0x9D,0x83,0x02,0xA9,0x20,0x9D,0xCC,0x02,0xBD,0x8A,0x02,0x49,0x80,0x9D,0x8A,0x02, /* $9DC0 */
    0xAD,0xAB,0x03,0xD0,0x16,0xBD,0xDF,0x02,0xCD,0x02,0x02,0xD0,0x06,0x20,0x81,0x9F, /* $9DD0 */
    0xB8,0x50,0x08,0xBD,0x8A,0x02,0x29,0x80,0x9D,0x8A,0x02,0xB8,0x50,0x38,0xBC,0xB9, /* $9DE0 */
    0x02,0xBD,0x83,0x02,0x49,0x40,0x20,0xD7,0x9E,0xDD,0xCC,0x02,0xD0,0x28,0xBD,0x83, /* $9DF0 */
    0x02,0x29,0x7F,0x9D,0x83,0x02,0x29,0x40,0xD0,0x11,0xBD,0xB9,0x02,0x9D,0xCC,0x02, /* $9E00 */
    0x38,0xE9,0x01,0x29,0x0F,0x9D,0xB9,0x02,0xB8,0x50,0x0B,0xBD,0xB9,0x02,0x18,0x69, /* $9E10 */
    0x01,0x29,0x0F,0x9D,0xCC,0x02,0xBD,0x83,0x02,0x29,0x80,0x8D,0x0C,0x01,0x60,0xBD, /* $9E20 */
    0x83,0x02,0x30,0x13,0xBD,0xB9,0x02,0xCD,0x00,0x02,0xD0,0x0B,0xBD,0xCC,0x02,0xCD, /* $9E30 */
    0x01,0x02,0xD0,0x03,0x20,0x3A,0xA3,0x60,0xBD,0xDF,0x02,0xCD,0x02,0x02,0xD0,0x0B, /* $9E40 */
    0xBD,0xB9,0x02,0xCD,0x00,0x02,0xD0,0x03,0x20,0x43,0xA3,0x60,0x20,0xAB,0x9E,0xBD, /* $9E50 */
    0x83,0x02,0x09,0x80,0x9D,0x83,0x02,0x29,0x07,0xC9,0x04,0xD0,0x1F,0xBD,0x83,0x02, /* $9E60 */
    0x29,0x40,0xD0,0x05,0xA9,0x81,0xB8,0x50,0x0D,0xBD,0xB9,0x02,0x38,0xE9,0x01,0x29, /* $9E70 */
    0x0F,0x9D,0xB9,0x02,0xA9,0x87,0x9D,0xCC,0x02,0xB8,0x50,0x1E,0xBD,0x83,0x02,0x29, /* $9E80 */
    0x40,0xF0,0x0B,0xBD,0xB9,0x02,0x18,0x69,0x01,0x29,0x0F,0x9D,0xB9,0x02,0xBD,0x83, /* $9E90 */
    0x02,0xBC,0xB9,0x02,0x20,0xD7,0x9E,0x9D,0xCC,0x02,0x60,0xAD,0x11,0x01,0xF0,0x26, /* $9EA0 */
    0xBD,0x83,0x02,0x29,0x40,0xF0,0x12,0xBD,0xB9,0x02,0xC9,0x0E,0x90,0x08,0xBD,0x83, /* $9EB0 */
    0x02,0x29,0xBF,0x9D,0x83,0x02,0xB8,0x50,0x0D,0xBD,0xB9,0x02,0xD0,0x08,0xBD,0x83, /* $9EC0 */
    0x02,0x09,0x40,0x9D,0x83,0x02,0x60,0x29,0x40,0xF0,0x10,0x88,0x98,0x29,0x0F,0xA8, /* $9ED0 */
    0xB9,0xEE,0x03,0x18,0x69,0x08,0x29,0x0F,0xB8,0x50,0x03,0xB9,0xEE,0x03,0x09,0x80, /* $9EE0 */
    0x60,0xA0,0x04,0xBD,0x8A,0x02,0x30,0x4B,0xBD,0x9F,0x02,0x18,0x6D,0x64,0x01,0x9D, /* $9EF0 */
    0x9F,0x02,0xBD,0xDF,0x02,0x6D,0x69,0x01,0x9D,0xDF,0x02,0xCD,0x02,0x02,0xB0,0x09, /* $9F00 */
    0xAD,0x02,0x02,0x9D,0xDF,0x02,0xB8,0x50,0x11,0xAC,0xAB,0x03,0xF0,0x0B,0xA4,0x9F, /* $9F10 */
    0xC0,0x11,0xB0,0x02,0xC9,0x20,0xB8,0x50,0x01,0x60,0xB0,0x11,0xAD,0x59,0x01,0x10, /* $9F20 */
    0x06,0x20,0x81,0x9F,0xB8,0x50,0x03,0x20,0x8A,0x9F,0xB8,0x50,0x03,0x20,0x5F,0x9F, /* $9F30 */
    0xB8,0x50,0x1B,0x20,0x99,0x9C,0xC9,0x80,0x90,0x11,0x2C,0x59,0x01,0x50,0x06,0x20, /* $9F40 */
    0x81,0x9F,0xB8,0x50,0x03,0x20,0x8A,0x9F,0xB8,0x50,0x03,0x20,0x5F,0x9F,0x60,0xBD, /* $9F50 */
    0xDF,0x02,0x29,0x20,0xF0,0x1A,0xAD,0xDA,0x60,0xCD,0x5F,0x01,0x90,0x12,0x2C,0x59, /* $9F60 */
    0x01,0x50,0x0A,0x8A,0x4A,0x90,0x13,0x20,0x81,0x9F,0xB8,0x50,0x03,0x20,0x8A,0x9F, /* $9F70 */
    0x60,0x20,0x67,0x9D,0x20,0x4F,0x9C,0x4C,0x99,0x9F,0xBD,0x83,0x02,0x29,0xBF,0x2C, /* $9F80 */
    0xCA,0x60,0x50,0x02,0x09,0x40,0x9D,0x83,0x02,0xAD,0x11,0x01,0xF0,0x1E,0xBD,0x83, /* $9F90 */
    0x02,0x29,0x40,0xD0,0x0A,0xBD,0xB9,0x02,0xC9,0x0F,0xB0,0x08,0xB8,0x50,0x0D,0xBD, /* $9FA0 */
    0xB9,0x02,0xD0,0x08,0xBD,0x83,0x02,0x49,0x40,0x9D,0x83,0x02,0xA9,0x66,0x8D,0x0B, /* $9FB0 */
    0x01,0x4C,0x5F,0x9E,0xA9,0x01,0x8D,0x0C,0x01,0xBC,0xB9,0x02,0xB9,0xAC,0x03,0xD0, /* $9FC0 */
    0x05,0xA9,0xF1,0x99,0xAC,0x03,0xBD,0xDF,0x02,0xD9,0xAC,0x03,0xB0,0x08,0x99,0xAC, /* $9FD0 */
    0x03,0xA9,0x80,0x99,0x9A,0x03,0xBD,0xDF,0x02,0xC9,0x20,0xB0,0x10,0xBD,0x8A,0x02, /* $9FE0 */
    0x09,0x80,0x9D,0x8A,0x02,0xA9,0x20,0x9D,0xDF,0x02,0xB8,0x50,0x2A,0xC9,0xF2,0x90, /* $9FF0 */
    0x26,0x20,0x28,0xA0,0xA9,0xF0,0x9D,0xDF,0x02,0xAD,0xAB,0x03,0xD0,0x19,0xBD,0x8A, /* $A000 */
    0x02,0x29,0xFC,0x09,0x01,0x9D,0x8A,0x02,0xBD,0x83,0x02,0x29,0xF8,0x09,0x02,0x9D, /* $A010 */
    0x83,0x02,0xA9,0x00,0x8D,0x0C,0x01,0x60,0xA9,0x00,0x85,0x2D,0xA9,0x0F,0x8D,0x40, /* $A020 */
    0x01,0xAD,0xDA,0x60,0x29,0x0F,0xA8,0xC0,0x0F,0xD0,0x05,0xAD,0x11,0x01,0xD0,0x0F, /* $A030 */
    0xB9,0xAC,0x03,0xD0,0x02,0xA9,0xFF,0xC5,0x2D,0x90,0x04,0x85,0x2D,0x84,0x29,0x88, /* $A040 */
    0x10,0x02,0xA0,0x0F,0xCE,0x40,0x01,0x10,0xDE,0xA5,0x29,0x9D,0xB9,0x02,0x18,0x69, /* $A050 */
    0x01,0x29,0x0F,0x9D,0xCC,0x02,0xBD,0x8A,0x02,0x29,0x7F,0x9D,0x8A,0x02,0x60,0xB9, /* $A060 */
    0xDF,0x02,0x85,0x29,0xCD,0x02,0x02,0xD0,0x0F,0xB9,0x83,0x02,0x29,0x07,0xC9,0x04, /* $A070 */
    0xF0,0x06,0xCE,0x09,0x01,0xB8,0x50,0x03,0xCE,0x08,0x01,0xA9,0x00,0x99,0xDF,0x02, /* $A080 */
    0xB9,0x83,0x02,0x29,0x07,0x86,0x35,0xAA,0xDE,0x42,0x01,0xA6,0x35,0xB9,0x8A,0x02, /* $A090 */
    0x29,0x03,0xF0,0x52,0x38,0xE9,0x01,0xC9,0x02,0xD0,0x02,0xA9,0x04,0x85,0x2B,0xB9, /* $A0A0 */
    0xB9,0x02,0x38,0xE9,0x01,0x29,0x0F,0xC9,0x0F,0x90,0x07,0x2C,0x11,0x01,0x10,0x02, /* $A0B0 */
    0xA9,0x00,0x85,0x2A,0x20,0x07,0x9B,0xA5,0x2D,0x8D,0x0B,0x01,0xCE,0x0B,0x01,0xA9, /* $A0C0 */
    0x00,0x8D,0x0A,0x01,0x20,0x4D,0x99,0xF0,0x1D,0xA5,0x2A,0x18,0x69,0x02,0x29,0x0F, /* $A0D0 */
    0xC9,0x0F,0xD0,0x07,0x2C,0x11,0x01,0x10,0x02,0xA9,0x0E,0x85,0x2A,0xA5,0x2B,0x09, /* $A0E0 */
    0x40,0x85,0x2B,0x20,0x4D,0x99,0x60,0x0C,0x0E,0x1A,0x06,0x00,0x06,0xFF,0x0C,0x00, /* $A0F0 */
    0x06,0x06,0x02,0x08,0x0C,0x00,0x08,0x0C,0x12,0x00,0x14,0x04,0x06,0x11,0x06,0x0A, /* $A100 */
    0x0C,0x00,0x12,0x00,0x14,0x0C,0x04,0x06,0x1B,0x06,0x18,0x0C,0x00,0x02,0x02,0x12, /* $A110 */
    0x00,0x14,0x0C,0x04,0x06,0x28,0x00,0x08,0x27,0x16,0x02,0x03,0x12,0x00,0x14,0x0C, /* $A120 */
    0x04,0x06,0x35,0x00,0x08,0x34,0x16,0x06,0x23,0x02,0x04,0x18,0x00,0x08,0x43,0x12, /* $A130 */
    0x00,0x10,0xB3,0x14,0x1A,0x41,0x08,0x4B,0x06,0x48,0x00,0x0C,0x1C,0x1A,0x52,0x12, /* $A140 */
    0x00,0x0C,0x14,0x1A,0x52,0x00,0x06,0x5A,0x1E,0x20,0x00,0x06,0x60,0x00,0x02,0x03, /* $A150 */
    0x20,0x00,0x08,0x68,0x14,0x1A,0x60,0x06,0x65,0x10,0xB2,0x22,0x00,0x08,0x73,0x26, /* $A160 */
    0x1A,0x7E,0x22,0x00,0x06,0x77,0x24,0x12,0x00,0x14,0x1A,0x71,0x06,0x80,0x24,0x16, /* $A170 */
    0x12,0x00,0x0C,0x14,0x04,0x06,0x89,0x02,0x04,0x00,0x0C,0x08,0x91,0x06,0x86,0xA2, /* $A180 */
    0x0B,0x86,0x37,0xA6,0x37,0xBD,0xD3,0x02,0xF0,0x45,0xE0,0x08,0xB0,0x22,0x69,0x09, /* $A190 */
    0xBC,0xF2,0x02,0xF0,0x03,0x38,0xE9,0x04,0x9D,0xD3,0x02,0x20,0xFA,0xA1,0xBD,0xD3, /* $A1A0 */
    0x02,0xC9,0xF0,0x90,0x08,0xCE,0x35,0x01,0xA9,0x00,0x9D,0xD3,0x02,0xB8,0x50,0x1F, /* $A1B0 */
    0xBD,0xE6,0x02,0x18,0x6D,0x20,0x01,0x9D,0xE6,0x02,0xBD,0xD3,0x02,0x6D,0x18,0x01, /* $A1C0 */
    0xCD,0x02,0x02,0xB0,0x07,0xC6,0xA6,0x20,0xE4,0xA1,0xA9,0x00,0x9D,0xD3,0x02,0xC6, /* $A1D0 */
    0x37,0x10,0xB0,0x60,0xAD,0x00,0x02,0xDD,0xAD,0x02,0xD0,0x0D,0xAD,0x01,0x02,0x30, /* $A1E0 */
    0x08,0x20,0x4B,0xA3,0xA9,0x81,0x8D,0x01,0x02,0x60,0xBC,0xAD,0x02,0xB9,0xAC,0x03, /* $A1F0 */
    0xF0,0x3C,0xBD,0xD3,0x02,0xD9,0xAC,0x03,0x90,0x25,0xC9,0xF0,0x90,0x02,0xA9,0x00, /* $A200 */
    0x99,0xAC,0x03,0xFE,0xF2,0x02,0xA9,0xC0,0x99,0x9A,0x03,0x20,0xF6,0xCC,0xA2,0xFF, /* $A210 */
    0xA9,0x00,0x85,0x2A,0x85,0x2B,0xA9,0x01,0x85,0x29,0x20,0x6C,0xCA,0xA6,0x37,0xBD, /* $A220 */
    0xF2,0x02,0xC9,0x02,0x90,0x08,0xA9,0x00,0x9D,0xD3,0x02,0xCE,0x35,0x01,0x60,0xAD, /* $A230 */
    0x01,0x02,0x30,0x61,0xA5,0x05,0x30,0x28,0xAD,0x06,0x01,0x85,0x29,0xA2,0x0A,0xBD, /* $A240 */
    0xDB,0x02,0xF0,0x14,0xBD,0xB5,0x02,0x38,0xED,0x00,0x02,0x10,0x05,0x49,0xFF,0x18, /* $A250 */
    0x69,0x01,0xC9,0x02,0xB0,0x02,0xE6,0x29,0xCA,0x10,0xE4,0xA5,0x29,0xB8,0x50,0x04, /* $A260 */
    0xA5,0x4D,0x29,0x10,0xF0,0x2F,0xA2,0x07,0xBD,0xD3,0x02,0xD0,0x25,0xEE,0x35,0x01, /* $A270 */
    0xAD,0x02,0x02,0x9D,0xD3,0x02,0xAD,0x00,0x02,0x9D,0xAD,0x02,0xAD,0x01,0x02,0x9D, /* $A280 */
    0xC0,0x02,0xA9,0x00,0x9D,0xF2,0x02,0x20,0xEA,0xCC,0xAD,0x02,0x02,0x20,0x63,0xA4, /* $A290 */
    0xA2,0x00,0xCA,0x10,0xD3,0x60,0xAD,0x01,0x02,0x30,0x58,0xA2,0x06,0xBD,0xDF,0x02, /* $A2A0 */
    0xF0,0x4E,0xC9,0x30,0x90,0x4A,0xBD,0x8A,0x02,0x29,0x40,0xF0,0x43,0xDE,0xA6,0x02, /* $A2B0 */
    0x10,0x3E,0xFE,0xA6,0x02,0xBD,0x83,0x02,0x29,0x80,0xD0,0x34,0xAD,0xCA,0x60,0xA4, /* $A2C0 */
    0xA6,0xD9,0x04,0xA3,0x90,0x2A,0xAC,0x1A,0x01,0xB9,0xDB,0x02,0xD0,0x1F,0xBD,0xDF, /* $A2D0 */
    0x02,0x99,0xDB,0x02,0xBD,0xB9,0x02,0x99,0xB5,0x02,0xBD,0xCC,0x02,0x99,0xC8,0x02, /* $A2E0 */
    0xAD,0x19,0x01,0x9D,0xA6,0x02,0x20,0xBD,0xCC,0xE6,0xA6,0xA0,0x00,0x88,0x10,0xD9, /* $A2F0 */
    0xCA,0x10,0xAA,0x60,0x00,0xE0,0xF0,0xFA,0xFF,0x86,0x37,0xA9,0xFF,0x9D,0xF2,0x02, /* $A300 */
    0x98,0x38,0xE9,0x04,0xA8,0xB9,0xB9,0x02,0x85,0x2D,0xAD,0xDA,0x60,0x29,0x07,0xC9, /* $A310 */
    0x03,0x90,0x02,0xA9,0x00,0x48,0x18,0x69,0x02,0x20,0xCA,0xA3,0x20,0x6F,0xA0,0x68, /* $A320 */
    0x18,0x69,0x05,0xAA,0x20,0x6C,0xCA,0xA6,0x37,0x60,0xA9,0x05,0x20,0x52,0xA3,0xCE, /* $A330 */
    0x01,0x02,0x60,0xA9,0x09,0xD0,0x06,0xA9,0x07,0xD0,0x02,0xA9,0xFF,0x8D,0x3B,0x01, /* $A340 */
    0xA9,0x01,0x85,0x2C,0xAD,0x02,0x02,0x85,0x29,0xAD,0x00,0x02,0x85,0x2D,0x20,0xB0, /* $A350 */
    0xCC,0x20,0xD6,0xA3,0xA9,0x81,0x8D,0x01,0x02,0xA9,0x01,0x8D,0x3C,0x01,0x60,0x20, /* $A360 */
    0xC1,0xCC,0xB9,0xDB,0x02,0x85,0x29,0xB9,0xB5,0x02,0x85,0x2D,0xA9,0x00,0x20,0xD4, /* $A370 */
    0xA3,0xA9,0x00,0x99,0xDB,0x02,0xC6,0xA6,0xA9,0xFF,0x9D,0xF2,0x02,0x60,0xA9,0xFF, /* $A380 */
    0x9D,0xF2,0x02,0x98,0x38,0xE9,0x04,0xA8,0xB9,0x83,0x02,0x29,0xC0,0xC9,0xC0,0xF0, /* $A390 */
    0x06,0xB9,0xB9,0x02,0xB8,0x50,0x08,0xB9,0xB9,0x02,0x38,0xE9,0x01,0x29,0x0F,0x85, /* $A3A0 */
    0x2D,0xA9,0x00,0x20,0xCA,0xA3,0x20,0x6F,0xA0,0xB9,0x83,0x02,0x29,0x07,0xA8,0xBE, /* $A3B0 */
    0xC5,0xA3,0x4C,0x6C,0xCA,0x01,0x02,0x03,0x04,0x01,0x48,0x20,0xC1,0xCC,0xB9,0xDF, /* $A3C0 */
    0x02,0x85,0x29,0x68,0x85,0x2C,0x86,0x35,0x84,0x36,0xA9,0x00,0x85,0x2A,0x85,0x2B, /* $A3D0 */
    0xA2,0x07,0xBD,0x0A,0x03,0xF0,0x13,0xBD,0x12,0x03,0xC5,0x2A,0x90,0x04,0x85,0x2A, /* $A3E0 */
    0x86,0x2B,0xCA,0x10,0xED,0xCE,0x16,0x01,0xA6,0x2B,0xA9,0x00,0x9D,0x12,0x03,0xA5, /* $A3F0 */
    0x2C,0x9D,0x02,0x03,0xA5,0x29,0x9D,0x0A,0x03,0xA5,0x2D,0x9D,0xFA,0x02,0xEE,0x16, /* $A400 */
    0x01,0xA6,0x35,0xA4,0x36,0x60,0xAD,0x16,0x01,0xF0,0x2C,0xA9,0x00,0x8D,0x16,0x01, /* $A410 */
    0xA2,0x07,0xBD,0x0A,0x03,0xF0,0x1D,0xBD,0x12,0x03,0xBC,0x02,0x03,0x18,0x79,0x4E, /* $A420 */
    0xA4,0x9D,0x12,0x03,0xD9,0x48,0xA4,0x90,0x08,0xA9,0x00,0x9D,0x0A,0x03,0xB8,0x50, /* $A430 */
    0x03,0xEE,0x16,0x01,0xCA,0x10,0xDB,0x60,0x10,0x15,0x20,0x20,0x20,0x10,0x03,0x01, /* $A440 */
    0x03,0x03,0x03,0x03,0xA2,0x07,0xBD,0xD3,0x02,0xF0,0x03,0x20,0x63,0xA4,0xCA,0x10, /* $A450 */
    0xF5,0x60,0xAB,0x85,0x2E,0xA0,0x0A,0xB9,0xDB,0x02,0xF0,0x7F,0xC5,0x2E,0x90,0x05, /* $A460 */
    0xE5,0x2E,0xB8,0x50,0x06,0xA5,0x2E,0x38,0xF9,0xDB,0x02,0xC0,0x04,0xB0,0x12,0xC5, /* $A470 */
    0xA7,0xB0,0x0B,0xB9,0xB5,0x02,0x5D,0xAD,0x02,0xD0,0x03,0x20,0x6F,0xA3,0xB8,0x50, /* $A480 */
    0x5A,0x48,0x84,0x38,0xB9,0x7F,0x02,0x29,0x07,0xA8,0x68,0xD9,0x51,0x01,0xB0,0x49, /* $A490 */
    0xC0,0x04,0xD0,0x1D,0xA4,0x38,0xB9,0xDB,0x02,0xCD,0x02,0x02,0xF0,0x10,0xBD,0xAD, /* $A4A0 */
    0x02,0xD9,0xB5,0x02,0xD0,0x08,0xB9,0xC8,0x02,0x10,0x03,0x20,0x09,0xA3,0xB8,0x50, /* $A4B0 */
    0x28,0xA4,0x38,0xB9,0xC8,0x02,0x10,0x0A,0xB9,0xB5,0x02,0xDD,0xC0,0x02,0xF0,0x12, /* $A4C0 */
    0xD0,0x08,0xB9,0xDB,0x02,0xCD,0x02,0x02,0xF0,0x0F,0xB9,0xB5,0x02,0xDD,0xAD,0x02, /* $A4D0 */
    0xD0,0x07,0x86,0x37,0x20,0x8E,0xA3,0xA6,0x37,0xA4,0x38,0x88,0x30,0x03,0x4C,0x67, /* $A4E0 */
    0xA4,0xBD,0xF2,0x02,0xC9,0xFF,0xD0,0x0B,0xA9,0x00,0x9D,0xD3,0x02,0xCE,0x35,0x01, /* $A4F0 */
    0x9D,0xF2,0x02,0x60,0xAD,0x01,0x02,0x10,0x78,0xAD,0x35,0x01,0x05,0xA6,0x0D,0x16, /* $A500 */
    0x01,0xD0,0x6B,0xAE,0x1C,0x01,0xBD,0xDF,0x02,0xF0,0x0E,0x18,0x69,0x0F,0xB0,0x02, /* $A510 */
    0xC9,0xF0,0x90,0x02,0xA9,0x00,0x9D,0xDF,0x02,0xCA,0x10,0xEA,0xA6,0x3D,0xB5,0x48, /* $A520 */
    0xC9,0x01,0xD0,0x20,0xA9,0x00,0x8D,0x0F,0x01,0xA9,0x01,0x8D,0x14,0x01,0xA5,0x5F, /* $A530 */
    0x38,0xE9,0x20,0x85,0x5F,0xA5,0x5B,0xE9,0x00,0x85,0x5B,0xC9,0xFA,0x18,0xD0,0x01, /* $A540 */
    0x38,0xB8,0x50,0x0D,0xAD,0x02,0x02,0x18,0x69,0x0F,0x8D,0x02,0x02,0xB0,0x02,0xC9, /* $A550 */
    0xF0,0x90,0x1B,0xA9,0x06,0x85,0x00,0x20,0x8F,0x92,0xAD,0x08,0x01,0x18,0x6D,0x09, /* $A560 */
    0x01,0x18,0x6D,0xAB,0x03,0xC9,0x3F,0x90,0x02,0xA9,0x3F,0x8D,0xAB,0x03,0xB8,0x50, /* $A570 */
    0x49,0xAD,0x55,0x04,0x0D,0x1B,0x01,0xF0,0x0A,0xA9,0x17,0xC5,0x42,0xB0,0x04,0xA6, /* $A580 */
    0x40,0xF6,0x00,0xAD,0x06,0x01,0xD0,0x32,0xAD,0xAB,0x03,0x0D,0x16,0x01,0xD0,0x15, /* $A590 */
    0xAC,0x1C,0x01,0xB9,0xDF,0x02,0xF0,0x04,0xC9,0x11,0xB0,0x09,0x88,0x10,0xF4,0x20, /* $A5A0 */
    0xCB,0xA5,0x20,0x8F,0x92,0xA5,0x4D,0x29,0x60,0xF0,0x0F,0x24,0x05,0x10,0x0B,0xA5, /* $A5B0 */
    0x09,0x29,0x43,0xC9,0x40,0xD0,0x03,0x20,0xCB,0xA5,0x60,0xA9,0x20,0x85,0x00,0xAD, /* $A5C0 */
    0x06,0x01,0x09,0x80,0x8D,0x06,0x01,0xA9,0x00,0x8D,0x04,0x01,0x8D,0x07,0x01,0x85, /* $A5D0 */
    0x5C,0x8D,0x23,0x01,0xA9,0x02,0x8D,0x05,0x01,0xA2,0x0F,0xBD,0xAC,0x03,0xF0,0x03, /* $A5E0 */
    0xEE,0x23,0x01,0xCA,0x10,0xF5,0xAD,0x23,0x01,0xF0,0x17,0xA5,0x9F,0xC9,0x07,0xB0, /* $A5F0 */
    0x11,0xA9,0x1E,0x85,0x04,0xA9,0x0A,0x85,0x00,0xA9,0x20,0x85,0x02,0xA9,0x80,0x8D, /* $A600 */
    0x23,0x01,0xA9,0xFF,0x8D,0x25,0x01,0x60,0xAD,0x0E,0x01,0x8D,0x0D,0x01,0xA2,0x0F, /* $A610 */
    0x86,0x37,0xA6,0x37,0xBD,0x83,0x02,0xD0,0x0B,0xAD,0x0E,0x01,0xF0,0x03,0x20,0x5B, /* $A620 */
    0xA6,0xB8,0x50,0x0B,0x20,0xA9,0xA6,0x20,0x21,0xA7,0xA9,0xFF,0x8D,0x0D,0x01,0xC6, /* $A630 */
    0x37,0x10,0xDF,0xA5,0x03,0x29,0x01,0xD0,0x08,0xAD,0x0E,0x01,0xF0,0x03,0xCE,0x0E, /* $A640 */
    0x01,0xAD,0x0D,0x01,0xD0,0x04,0xA9,0x12,0x85,0x00,0x60,0xA5,0x03,0x29,0x00,0xD0, /* $A650 */
    0x39,0xA9,0x80,0x9D,0x63,0x02,0x9D,0x83,0x02,0x9D,0xA3,0x02,0xAD,0xDA,0x60,0x9D, /* $A660 */
    0xC3,0x02,0x20,0x9B,0xA6,0x9D,0x23,0x03,0xAD,0xCA,0x60,0x9D,0xE3,0x02,0x20,0x9B, /* $A670 */
    0xA6,0x30,0x05,0x49,0xFF,0x18,0x69,0x01,0x9D,0x43,0x03,0xAD,0xCA,0x60,0x9D,0x03, /* $A680 */
    0x03,0x20,0x9B,0xA6,0x9D,0x63,0x03,0x20,0xC1,0xCC,0x60,0x4A,0xAD,0xDA,0x60,0x29, /* $A690 */
    0x07,0x90,0x05,0x49,0xFF,0x18,0x69,0x01,0x60,0xBD,0xE3,0x02,0x18,0x7D,0x23,0x02, /* $A6A0 */
    0x9D,0x23,0x02,0xBD,0x43,0x03,0x30,0x0C,0x7D,0x83,0x02,0xC9,0xF0,0x90,0x02,0xA9, /* $A6B0 */
    0x00,0xB8,0x50,0x09,0x7D,0x83,0x02,0xC9,0x10,0xB0,0x02,0xA9,0x00,0xA8,0xBD,0xC3, /* $A6C0 */
    0x02,0x18,0x7D,0x03,0x02,0x9D,0x03,0x02,0xBD,0x23,0x03,0x30,0x0C,0x7D,0x63,0x02, /* $A6D0 */
    0xC9,0xF0,0x90,0x02,0xA0,0x00,0xB8,0x50,0x09,0x7D,0x63,0x02,0xC9,0x10,0xB0,0x02, /* $A6E0 */
    0xA0,0x00,0x9D,0x63,0x02,0xBD,0x03,0x03,0x18,0x7D,0x43,0x02,0x9D,0x43,0x02,0xBD, /* $A6F0 */
    0x63,0x03,0x30,0x0C,0x7D,0xA3,0x02,0xC9,0xF0,0x90,0x02,0xA0,0x00,0xB8,0x50,0x09, /* $A700 */
    0x7D,0xA3,0x02,0xC9,0x10,0xB0,0x02,0xA0,0x00,0x9D,0xA3,0x02,0x98,0x9D,0x83,0x02, /* $A710 */
    0x60,0xA9,0xFD,0x85,0x29,0xBD,0xC3,0x02,0xBC,0x23,0x03,0x20,0x5D,0xA7,0x9D,0xC3, /* $A720 */
    0x02,0x98,0x9D,0x23,0x03,0xBD,0xE3,0x02,0xBC,0x43,0x03,0x20,0x5D,0xA7,0x9D,0xE3, /* $A730 */
    0x02,0x98,0x9D,0x43,0x03,0xBD,0x03,0x03,0xBC,0x63,0x03,0x20,0x5D,0xA7,0x9D,0x03, /* $A740 */
    0x03,0x98,0x9D,0x63,0x03,0xA5,0x29,0xD0,0x03,0x9D,0x83,0x02,0x60,0x84,0x2B,0x24, /* $A750 */
    0x2B,0x30,0x0F,0x38,0xED,0x88,0xA7,0x85,0x2A,0xA5,0x2B,0xE9,0x00,0x90,0x0F,0xB8, /* $A760 */
    0x50,0x12,0x18,0x6D,0x88,0xA7,0x85,0x2A,0xA5,0x2B,0x69,0x00,0x90,0x06,0xE6,0x29, /* $A770 */
    0xA9,0x00,0x85,0x2A,0xA8,0xA5,0x2A,0x60,0x20,0xA2,0x0F,0xA9,0x00,0x9D,0x83,0x02, /* $A780 */
    0xCA,0x10,0xF8,0xA9,0x20,0x8D,0x0E,0x01,0x8D,0x0D,0x01,0xA9,0x04,0x85,0x01,0xA9, /* $A790 */
    0x00,0x85,0x68,0x85,0x69,0x60,0x84,0x2A,0x38,0xE5,0x2A,0x85,0x2A,0x2C,0x11,0x01, /* $A7A0 */
    0x30,0x09,0x29,0x0F,0x2C,0xBC,0xA7,0xF0,0x02,0x09,0xF8,0x60,0x08,0xA2,0x07,0xA9, /* $A7B0 */
    0x00,0x9D,0xFE,0x03,0xCA,0x10,0xFA,0xA9,0xF0,0x8D,0x05,0x04,0xA9,0xFF,0x8D,0x15, /* $A7C0 */
    0x01,0x60,0xAD,0x15,0x01,0xF0,0x59,0xA9,0x00,0x85,0x29,0xA2,0x07,0x86,0x37,0xA6, /* $A7D0 */
    0x37,0xBD,0xFE,0x03,0xF0,0x18,0x38,0xE9,0x07,0x90,0x02,0xC9,0x10,0xB0,0x0C,0xAC, /* $A7E0 */
    0x15,0x01,0x10,0x05,0xA9,0xF0,0xB8,0x50,0x02,0xA9,0x00,0xB8,0x50,0x20,0xAC,0x15, /* $A7F0 */
    0x01,0x10,0x1B,0x8A,0x18,0x69,0x01,0xC9,0x08,0x90,0x02,0xA9,0x00,0xA8,0xB9,0xFE, /* $A800 */
    0x03,0xF0,0x0B,0xC9,0xD5,0xB0,0x05,0xA9,0xF0,0xB8,0x50,0x02,0xA9,0x00,0x9D,0xFE, /* $A810 */
    0x03,0x05,0x29,0x85,0x29,0xC6,0x37,0x10,0xB6,0xA5,0x29,0xD0,0x03,0x8D,0x15,0x01, /* $A820 */
    0x60,0xA9,0x00,0x8D,0xAA,0x03,0x8D,0x25,0x01,0x60,0xA5,0x05,0x10,0x3E,0xAD,0x25, /* $A830 */
    0x01,0xD0,0x23,0xAD,0x01,0x02,0x30,0x1B,0xA5,0x4E,0x29,0x08,0xF0,0x15,0xAD,0xAA, /* $A840 */
    0x03,0xC9,0x02,0xB0,0x08,0xEE,0xAA,0x03,0xA9,0x01,0x8D,0x25,0x01,0xA5,0x4E,0x29, /* $A850 */
    0x77,0x85,0x4E,0xB8,0x50,0x16,0xEE,0x25,0x01,0xAE,0xAA,0x03,0xAD,0x25,0x01,0xDD, /* $A860 */
    0x83,0xA8,0x90,0x05,0xA9,0x00,0x8D,0x25,0x01,0x20,0x88,0xA8,0xA5,0x4E,0x29,0x7F, /* $A870 */
    0x85,0x4E,0x60,0x00,0x13,0x05,0x00,0x00,0xAD,0x25,0x01,0xC9,0x03,0x90,0x14,0x29, /* $A880 */
    0x01,0xD0,0x10,0xAC,0x1C,0x01,0xB9,0xDF,0x02,0xD0,0x09,0x88,0x10,0xF8,0xA9,0x00, /* $A890 */
    0x8D,0x25,0x01,0x60,0xB9,0x8A,0x02,0x29,0xFC,0x99,0x8A,0x02,0x4C,0x98,0xA3,0xE1, /* $A8A0 */
    0x24,0x26,0x28,0x2A,0xA9,0x01,0x85,0x72,0x20,0x6A,0xDF,0xA0,0x05,0x20,0xD1,0xB0, /* $A8B0 */
    0xA5,0x05,0x30,0x26,0xA2,0x00,0xA5,0x03,0x29,0x20,0xD0,0x0C,0xA2,0x22,0xA5,0x06, /* $A8C0 */
    0xF0,0x06,0x24,0xA2,0x30,0x02,0xA2,0x06,0x20,0x14,0xAB,0x20,0x0D,0xAB,0xAD,0xE4, /* $A8D0 */
    0x31,0x8D,0xA6,0x2F,0x8D,0xA8,0x2F,0x20,0xA8,0xAA,0xA9,0x01,0xA0,0x00,0x20,0x7F, /* $A8E0 */
    0xA9,0x24,0x05,0x30,0x09,0xA5,0x43,0x05,0x44,0x05,0x45,0xB8,0x50,0x02,0xA5,0x3E, /* $A8F0 */
    0xF0,0x06,0xA9,0x01,0xA8,0x20,0x7F,0xA9,0xA5,0x00,0xC9,0x04,0xF0,0x35,0xA9,0x1D, /* $A900 */
    0x85,0x3B,0xA9,0x07,0x85,0x3C,0xAE,0xE4,0xCD,0x20,0xD7,0xA9,0xA0,0x0A,0xA9,0xA7, /* $A910 */
    0x59,0xCE,0xAA,0x88,0x10,0xFA,0x8D,0x6C,0x01,0xAE,0xE5,0xCD,0xA9,0x02,0x85,0x38, /* $A920 */
    0xA4,0x38,0xB9,0x1B,0x06,0x0A,0xA8,0xB9,0xFA,0x31,0x9D,0x60,0x2F,0xE8,0xE8,0xC6, /* $A930 */
    0x38,0x10,0xED,0xA9,0x2F,0xA2,0x60,0x20,0x39,0xDF,0xAD,0x23,0x01,0x10,0x05,0xA2, /* $A940 */
    0x36,0x20,0x14,0xAB,0xA5,0x00,0xC9,0x18,0xD0,0x22,0xA5,0x05,0x10,0x1E,0xA6,0x3D, /* $A950 */
    0xBD,0x02,0x01,0xF0,0x0D,0xA2,0x30,0x20,0x14,0xAB,0xA4,0x3D,0xBE,0x02,0x01,0x20, /* $A960 */
    0xC6,0xB0,0xA2,0x3A,0x20,0x14,0xAB,0xA2,0x38,0x20,0x14,0xAB,0x60,0x42,0x45,0xA6, /* $A970 */
    0x00,0xE0,0x04,0x84,0x2B,0xC4,0x3D,0xD0,0x06,0x24,0x05,0x10,0x02,0xA9,0x00,0x09, /* $A980 */
    0x70,0xBE,0xDE,0xCD,0x9D,0x60,0x2F,0xBE,0xE0,0xCD,0xB9,0x48,0x00,0x85,0x38,0xF0, /* $A990 */
    0x06,0xC4,0x3D,0xD0,0x02,0xC6,0x38,0xA0,0x01,0xAD,0x84,0x32,0xC4,0x38,0x90,0x05, /* $A9A0 */
    0xF0,0x03,0xAD,0x86,0x32,0x9D,0x60,0x2F,0xE8,0xE8,0xC8,0xC0,0x07,0x90,0xEA,0xA4, /* $A9B0 */
    0x2B,0xA5,0x00,0xC9,0x04,0xD0,0x04,0xC4,0x3D,0xD0,0x30,0xBE,0xE2,0xCD,0xB9,0x7D, /* $A9C0 */
    0xA9,0x85,0x3B,0xA9,0x00,0x85,0x3C,0xA0,0x02,0x84,0x2A,0x38,0x08,0xA0,0x00,0xB1, /* $A9D0 */
    0x3B,0x4A,0x4A,0x4A,0x4A,0x28,0x20,0xFC,0xA9,0xA5,0x2A,0xD0,0x01,0x18,0xA0,0x00, /* $A9E0 */
    0xB1,0x3B,0x20,0xFC,0xA9,0xC6,0x3B,0xC6,0x2A,0x10,0xE1,0x60,0x29,0x0F,0xA8,0xF0, /* $A9F0 */
    0x01,0x18,0xB0,0x01,0xC8,0x08,0x98,0x0A,0xA8,0xB9,0xE4,0x31,0x9D,0x60,0x2F,0xE8, /* $AA00 */
    0xE8,0x28,0x60,0xA6,0x3E,0x24,0x05,0x30,0x0A,0xA5,0x43,0x05,0x44,0x05,0x45,0xF0, /* $AA10 */
    0x02,0xA2,0x01,0xA9,0x60,0x85,0x74,0xA9,0x2F,0x85,0x75,0xBD,0x66,0xCE,0xA8,0x38, /* $AA20 */
    0x65,0x74,0x48,0xB9,0xE6,0xCD,0x91,0x74,0x88,0xD0,0xF8,0xB9,0xE6,0xCD,0x91,0x74, /* $AA30 */
    0xA5,0x05,0x10,0x10,0xA9,0x2F,0x85,0x75,0xA9,0xA6,0x85,0x74,0xA5,0x9F,0x18,0x69, /* $AA40 */
    0x01,0x20,0x77,0xAF,0x68,0x85,0x74,0x4C,0x09,0xDF,0xA2,0x08,0x20,0x14,0xAB,0x4C, /* $AA50 */
    0x69,0xAA,0xA9,0x30,0xA2,0x00,0x20,0x17,0xAB,0x20,0x92,0xAA,0x4C,0xE7,0xA8,0x20, /* $AA60 */
    0xB4,0xA8,0xA9,0x00,0xA2,0x06,0x4C,0x17,0xAB,0xA9,0x00,0xA2,0x32,0x20,0x17,0xAB, /* $AA70 */
    0xA5,0x03,0x29,0x1F,0xC9,0x10,0xB0,0x07,0xA9,0xE0,0xA2,0x22,0x20,0x17,0xAB,0x4C, /* $AA80 */
    0xB4,0xA8,0xA2,0x02,0x20,0x14,0xAB,0xA9,0x00,0x20,0xDD,0xB0,0xA6,0x3D,0xE8,0x86, /* $AA90 */
    0x61,0xA9,0x61,0xA0,0x01,0x4C,0xB1,0xDF,0xA5,0x09,0x29,0x03,0xAA,0xBD,0xB0,0xA8, /* $AAA0 */
    0xAA,0x20,0x14,0xAB,0xCE,0x6E,0x01,0xA5,0x0A,0x29,0x01,0xF0,0x0E,0xA5,0x03,0x29, /* $AAB0 */
    0x20,0xD0,0x08,0xA2,0x32,0x20,0x14,0xAB,0xB8,0x50,0x03,0x20,0xCA,0xAE,0xA2,0x2C, /* $AAC0 */
    0x20,0x14,0xAB,0xA2,0x2E,0x20,0x14,0xAB,0xA5,0x06,0xC9,0x28,0x90,0x04,0xA9,0x28, /* $AAD0 */
    0x85,0x06,0x20,0x77,0xAF,0xA5,0x17,0xF0,0x09,0xAD,0xF4,0xAA,0xAE,0xF3,0xAA,0x20, /* $AAE0 */
    0x39,0xDF,0x60,0x5C,0x32,0xF8,0x85,0x29,0xA9,0x00,0x85,0x2C,0xA0,0x07,0x06,0x29, /* $AAF0 */
    0xA5,0x2C,0x65,0x2C,0x85,0x2C,0x88,0x10,0xF5,0xD8,0x85,0x29,0x60,0xA9,0x20,0xA2, /* $AB00 */
    0x80,0x4C,0x57,0xDF,0xBD,0x22,0xD1,0x86,0x35,0x85,0x2B,0xA4,0x35,0xB1,0xAC,0x85, /* $AB10 */
    0x3B,0xC8,0xB1,0xAC,0x85,0x3C,0xE0,0x2C,0xD0,0x08,0xA5,0x74,0x85,0xB6,0xA5,0x75, /* $AB20 */
    0x85,0xB7,0xA0,0x00,0xB1,0x3B,0x85,0x2A,0x20,0x0D,0xAB,0xA9,0x00,0x85,0x73,0xA9, /* $AB30 */
    0x01,0x85,0x72,0x20,0x6A,0xDF,0xA5,0x2A,0xA6,0x2B,0x20,0x75,0xDF,0xA4,0x35,0xB1, /* $AB40 */
    0xAC,0x85,0x3B,0xC8,0xB1,0xAC,0x85,0x3C,0xA6,0x35,0xBD,0x21,0xD1,0x48,0x4A,0x4A, /* $AB50 */
    0x4A,0x4A,0xA8,0x20,0xD1,0xB0,0x68,0x29,0x0F,0x20,0xDD,0xB0,0xA0,0x01,0xA9,0x00, /* $AB60 */
    0x85,0x2A,0xB1,0x3B,0x85,0x2B,0x29,0x7F,0xC8,0x84,0x2C,0xAA,0xBD,0xE4,0x31,0xA4, /* $AB70 */
    0x2A,0x91,0x74,0xC8,0xBD,0xE5,0x31,0x91,0x74,0xC8,0x84,0x2A,0xA4,0x2C,0x24,0x2B, /* $AB80 */
    0x10,0xE0,0xA4,0x2A,0x88,0x4C,0x5F,0xDF,0x86,0x35,0x85,0x2A,0xA9,0x00,0x85,0x2B, /* $AB90 */
    0xF0,0x99,0x20,0x20,0xAC,0xAD,0xC9,0x01,0x29,0x03,0xF0,0x5B,0x20,0x20,0xAC,0xA9, /* $ABA0 */
    0x08,0x8D,0x00,0x01,0xAD,0x1B,0x07,0x0D,0x1C,0x07,0x0D,0x1D,0x07,0xD0,0x03,0x20, /* $ABB0 */
    0x36,0xAC,0xA2,0x17,0xAD,0xC9,0x01,0x29,0x01,0xD0,0x02,0xA2,0x0E,0xBD,0x08,0xAC, /* $ABC0 */
    0x9D,0x06,0x06,0xCA,0x10,0xF7,0xA2,0x17,0xAD,0xC9,0x01,0x29,0x02,0xD0,0x02,0xA2, /* $ABD0 */
    0x0E,0xA9,0x01,0x9D,0x06,0x07,0xCA,0x10,0xF8,0xAD,0xC9,0x01,0x29,0x03,0xF0,0x0F, /* $ABE0 */
    0xA5,0x0A,0x29,0xF8,0x8D,0x1E,0x07,0xAD,0x6A,0x01,0x29,0x03,0x8D,0x1F,0x07,0xAD, /* $ABF0 */
    0xC9,0x01,0x29,0xFC,0x8D,0xC9,0x01,0x60,0x07,0x04,0x01,0x0F,0x09,0x0C,0x0B,0x03, /* $AC00 */
    0x12,0x13,0x05,0x03,0x07,0x0F,0x0C,0x11,0x11,0x11,0x12,0x04,0x03,0x03,0x09,0x04, /* $AC10 */
    0x20,0xBB,0xD6,0xA5,0x0A,0x29,0xF8,0xCD,0x1E,0x07,0xD0,0x08,0xAD,0x6A,0x01,0x29, /* $AC20 */
    0x03,0xCD,0x1F,0x07,0xF0,0x08,0xAD,0xC9,0x01,0x09,0x03,0x8D,0xC9,0x01,0x60,0xA5, /* $AC30 */
    0x05,0x29,0xBF,0x85,0x05,0xA5,0x09,0x29,0x43,0xC9,0x40,0xD0,0x03,0x20,0x62,0xCA, /* $AC40 */
    0x20,0xFB,0xDD,0xA9,0x00,0x8D,0x01,0x06,0xA6,0x3E,0xF0,0x02,0xA2,0x03,0xB5,0x42, /* $AC50 */
    0x85,0x2C,0xB5,0x41,0x85,0x2D,0xB5,0x40,0x85,0x2E,0x8A,0x29,0x01,0x85,0x36,0xA9, /* $AC60 */
    0x00,0x85,0x2B,0xA9,0x1A,0x85,0x2A,0x85,0x29,0xA9,0x00,0x8D,0x05,0x06,0xA0,0xFD, /* $AC70 */
    0xB9,0x20,0x06,0xC5,0x2C,0xD0,0x14,0xB9,0x1F,0x06,0xC5,0x2D,0xD0,0x0D,0xC0,0x52, /* $AC80 */
    0x90,0x08,0xB9,0x1E,0x06,0xC5,0x2E,0xB8,0x50,0x01,0x38,0xB0,0x4F,0xC0,0xE8,0x90, /* $AC90 */
    0x1E,0xA5,0x29,0xBE,0x1E,0x05,0x99,0x1E,0x05,0x86,0x29,0xA5,0x2A,0xBE,0x1F,0x05, /* $ACA0 */
    0x99,0x1F,0x05,0x86,0x2A,0xA5,0x2B,0xBE,0x20,0x05,0x99,0x20,0x05,0x86,0x2B,0xA5, /* $ACB0 */
    0x2D,0xBE,0x1F,0x06,0x99,0x1F,0x06,0x86,0x2D,0xA5,0x2C,0xBE,0x20,0x06,0x99,0x20, /* $ACC0 */
    0x06,0x86,0x2C,0xC0,0x52,0x90,0x0A,0xA5,0x2E,0xBE,0x1E,0x06,0x99,0x1E,0x06,0x86, /* $ACD0 */
    0x2E,0xC0,0x55,0x90,0x01,0x88,0x88,0x88,0xD0,0xB3,0xA0,0x02,0xEE,0x05,0x06,0xC0, /* $ACE0 */
    0x55,0x90,0x01,0x88,0x88,0x88,0xD0,0x88,0xA6,0x36,0xAD,0x05,0x06,0x9D,0x00,0x06, /* $ACF0 */
    0xCA,0x30,0x03,0x4C,0x5E,0xAC,0xAD,0x01,0x06,0xCD,0x00,0x06,0x90,0x07,0xC9,0x63, /* $AD00 */
    0xB0,0x03,0xEE,0x01,0x06,0xA5,0x3D,0x49,0x01,0x0A,0x0A,0x05,0x3D,0x69,0x05,0x8D, /* $AD10 */
    0x03,0x06,0xA0,0x14,0xAD,0x03,0x06,0xF0,0x42,0x29,0x03,0x85,0x3D,0xC6,0x3D,0x4E, /* $AD20 */
    0x03,0x06,0x4E,0x03,0x06,0xA6,0x3D,0xBD,0x00,0x06,0xF0,0x2C,0xC9,0x09,0xB0,0x28, /* $AD30 */
    0x0A,0x18,0x7D,0x00,0x06,0x49,0xFF,0x38,0xE9,0xE5,0x8D,0x02,0x06,0x20,0x48,0xCA, /* $AD40 */
    0xA9,0x60,0x8D,0x05,0x06,0xA9,0x00,0x85,0x4E,0x85,0x50,0xA9,0x02,0x8D,0x04,0x06, /* $AD50 */
    0x20,0x89,0xA7,0xA0,0x24,0x84,0x00,0x60,0x4C,0x22,0xAD,0x84,0x00,0x60,0xA9,0x06, /* $AD60 */
    0x85,0x01,0xA5,0x03,0x29,0x1F,0xD0,0x0A,0xCE,0x05,0x06,0xD0,0x05,0xA0,0x14,0x84, /* $AD70 */
    0x00,0x60,0xAE,0x02,0x06,0xBD,0x06,0x06,0x20,0xCE,0xAD,0xA8,0x10,0x05,0xA9,0x1A, /* $AD80 */
    0xB8,0x50,0x06,0xC9,0x1B,0x90,0x02,0xA9,0x00,0xAE,0x02,0x06,0x9D,0x06,0x06,0xA5, /* $AD90 */
    0x4E,0x29,0x18,0xA8,0xA5,0x4E,0x29,0x67,0x85,0x4E,0x98,0xF0,0x20,0xCE,0x02,0x06, /* $ADA0 */
    0xCE,0x04,0x06,0x10,0x12,0xA6,0x3D,0xBD,0x00,0x06,0xC9,0x04,0xB0,0x03,0x20,0xF7, /* $ADB0 */
    0xDD,0x20,0x22,0xAD,0xB8,0x50,0x06,0xCA,0xA9,0x00,0x9D,0x06,0x06,0x60,0x48,0xA5, /* $ADC0 */
    0x50,0x0A,0x0A,0x0A,0x18,0x65,0x51,0x85,0x51,0x68,0xA4,0x50,0x30,0x05,0x69,0x00, /* $ADD0 */
    0xB8,0x50,0x02,0x69,0xFF,0xA0,0x00,0x84,0x50,0x60,0x20,0xB4,0xA8,0xA9,0xC0,0xA2, /* $ADE0 */
    0x02,0x20,0x17,0xAB,0xCE,0x6E,0x01,0x20,0x97,0xAA,0xA2,0x0A,0x20,0x14,0xAB,0xA9, /* $ADF0 */
    0xA6,0xA2,0x0C,0x20,0x17,0xAB,0xA9,0x9C,0xA2,0x0E,0x20,0x17,0xAB,0xA2,0x2C,0x20, /* $AE00 */
    0x14,0xAB,0xAD,0x02,0x06,0x38,0xED,0x04,0x06,0x4C,0x4E,0xAE,0x20,0xB4,0xA8,0x78, /* $AE10 */
    0xAD,0xCA,0x60,0xAC,0xCA,0x60,0x84,0x29,0x4A,0x4A,0x4A,0x4A,0x45,0x29,0x85,0x29, /* $AE20 */
    0xAD,0xDA,0x60,0xAC,0xDA,0x60,0x58,0x45,0x29,0x29,0xF0,0x45,0x29,0x85,0x29,0x98, /* $AE30 */
    0x0A,0x0A,0x0A,0x0A,0x45,0x29,0x8D,0x1F,0x01,0x20,0x26,0xAF,0xA9,0xFF,0x85,0x63, /* $AE40 */
    0xA2,0x10,0x20,0x14,0xAB,0xA9,0x01,0x85,0x61,0x20,0xDD,0xB0,0xA9,0x28,0x85,0x2C, /* $AE50 */
    0xA2,0x15,0x86,0x37,0x20,0x0D,0xAB,0xA9,0x00,0x85,0x73,0xA5,0x2C,0xAA,0x38,0xE9, /* $AE60 */
    0x0A,0x85,0x2C,0xA9,0xD0,0x20,0x75,0xDF,0xA0,0x07,0xA5,0x63,0xC5,0x37,0xD0,0x02, /* $AE70 */
    0xA0,0x00,0x20,0xD1,0xB0,0xA9,0x61,0xA0,0x01,0x20,0xB1,0xDF,0xA9,0xA0,0x20,0x6A, /* $AE80 */
    0xB5,0xA9,0x00,0x85,0x73,0xAA,0xA9,0x08,0x20,0x75,0xDF,0xE6,0x61,0xA5,0x37,0x20, /* $AE90 */
    0xF8,0xAE,0xA2,0x00,0xA9,0x08,0x20,0x75,0xDF,0xA6,0x37,0xBD,0x06,0x07,0x85,0x56, /* $AEA0 */
    0xBD,0x07,0x07,0x85,0x57,0xBD,0x08,0x07,0x85,0x58,0xA9,0x56,0xA0,0x03,0x20,0xB1, /* $AEB0 */
    0xDF,0xC6,0x37,0xC6,0x37,0xC6,0x37,0x10,0x9B,0x60,0xAD,0x56,0x01,0xF0,0x14,0x85, /* $AEC0 */
    0x58,0xA2,0x34,0x20,0x14,0xAB,0xA9,0x00,0x85,0x56,0x85,0x57,0xA9,0x56,0xA0,0x03, /* $AED0 */
    0x20,0xB1,0xDF,0x18,0xA0,0x10,0xA9,0x85,0x79,0x75,0xD5,0x88,0x10,0xFA,0x85,0xB5, /* $AEE0 */
    0x60,0xAD,0x02,0x06,0x38,0xED,0x04,0x06,0x18,0x69,0x02,0x85,0x38,0xA0,0x00,0xA9, /* $AEF0 */
    0x02,0x85,0x39,0xA6,0x38,0xBD,0x06,0x06,0xC9,0x1E,0x90,0x02,0xA9,0x1A,0x0A,0xAA, /* $AF00 */
    0xBD,0xFA,0x31,0x91,0x74,0xC8,0xBD,0xFB,0x31,0x91,0x74,0xC8,0xC6,0x38,0xC6,0x39, /* $AF10 */
    0x10,0xE1,0x88,0x4C,0x5F,0xDF,0xAD,0x00,0x06,0x0D,0x01,0x06,0xF0,0x40,0xA2,0x12, /* $AF20 */
    0x20,0x14,0xAB,0xA9,0x63,0x20,0x71,0xAF,0xA2,0x00,0x20,0x3F,0xAF,0xA2,0x01,0xBD, /* $AF30 */
    0x00,0x06,0xF0,0x2A,0x48,0x86,0x2E,0xA0,0x03,0x20,0xD1,0xB0,0x20,0x0D,0xAB,0xA9, /* $AF40 */
    0xD0,0xA4,0x2E,0xBE,0x6F,0xAF,0x20,0x75,0xDF,0x68,0x20,0x71,0xAF,0xA9,0xA0,0x20, /* $AF50 */
    0x6A,0xB5,0xA9,0x10,0xA2,0x04,0x20,0x98,0xAB,0xA6,0x2E,0x20,0x9E,0xAA,0x60,0xC0, /* $AF60 */
    0xB0,0xC9,0x63,0x90,0x02,0xA9,0x63,0x20,0xF5,0xAA,0xA9,0x29,0xA0,0x01,0x4C,0xB1, /* $AF70 */
    0xDF,0x20,0x48,0xCA,0xCE,0x6E,0x01,0xA0,0x03,0x20,0xD1,0xB0,0xA9,0x01,0x85,0x72, /* $AF80 */
    0x20,0x6A,0xDF,0xA2,0x2C,0xA9,0x60,0x20,0x17,0xAB,0x20,0x92,0xAA,0xA2,0x07,0x86, /* $AF90 */
    0x37,0xA4,0x37,0xBE,0x9B,0xB0,0x20,0x14,0xAB,0xC6,0x37,0x10,0xF4,0xAD,0x00,0x02, /* $AFA0 */
    0x38,0xE5,0x7B,0x10,0x07,0xC6,0x7B,0xC6,0x7C,0xB8,0x50,0x25,0xD0,0x0D,0xC6,0x7C, /* $AFB0 */
    0xC6,0x7B,0x10,0x04,0xE6,0x7B,0xE6,0x7C,0xB8,0x50,0x16,0xA5,0x7C,0xCD,0x27,0x01, /* $AFC0 */
    0xF0,0x02,0xB0,0x0D,0x38,0xED,0x00,0x02,0xD0,0x01,0x18,0xB0,0x04,0xE6,0x7B,0xE6, /* $AFD0 */
    0x7C,0xA5,0x7C,0x85,0x3A,0xA2,0x04,0x86,0x37,0xA0,0x05,0x20,0xD1,0xB0,0xA9,0x00, /* $AFE0 */
    0x85,0x73,0x20,0x0D,0xAB,0xA2,0xD8,0xA4,0x37,0xB9,0x96,0xB0,0x18,0x69,0xF8,0x20, /* $AFF0 */
    0x75,0xDF,0xA6,0x3A,0xBC,0xFE,0x91,0xC0,0x63,0xB0,0x37,0xC8,0x98,0x20,0x77,0xAF, /* $B000 */
    0xA0,0x03,0x20,0xD1,0xB0,0x20,0x0D,0xAB,0xA2,0xBA,0xA4,0x37,0xB9,0x96,0xB0,0x18, /* $B010 */
    0x69,0xEC,0x20,0x75,0xDF,0xA6,0x3A,0x20,0xC6,0xB0,0x20,0x0D,0xAB,0xA2,0xCC,0xA4, /* $B020 */
    0x37,0xB9,0x96,0xB0,0x18,0x69,0x00,0x20,0x75,0xDF,0xA6,0x3A,0xBD,0xFE,0x91,0x20, /* $B030 */
    0xE1,0xC4,0xC6,0x3A,0xC6,0x37,0x10,0xA1,0xA9,0x00,0x85,0x73,0x20,0x0D,0xAB,0xA2, /* $B040 */
    0x1C,0x20,0x14,0xAB,0xA9,0x04,0xA0,0x01,0x20,0xB1,0xDF,0xA0,0x00,0x20,0xD1,0xB0, /* $B050 */
    0x20,0x0D,0xAB,0xA2,0xB8,0x20,0xAB,0xB0,0x38,0xE5,0x7B,0xA8,0xB9,0x96,0xB0,0x38, /* $B060 */
    0xE9,0x16,0x20,0x75,0xDF,0xA9,0xE0,0x85,0x73,0xA2,0x00,0x86,0x38,0xA0,0x03,0x84, /* $B070 */
    0x37,0xA4,0x38,0xB9,0xA3,0xB0,0xAA,0xC8,0xB9,0xA3,0xB0,0xC8,0x84,0x38,0x20,0x75, /* $B080 */
    0xDF,0xC6,0x37,0x10,0xEC,0x60,0xBE,0xE3,0x09,0x30,0x58,0x14,0x0C,0x0E,0x16,0x18, /* $B090 */
    0x1E,0x20,0x1A,0x00,0x26,0x28,0x00,0x00,0xDA,0xD8,0x00,0xAD,0x00,0x02,0x20,0xCE, /* $B0A0 */
    0xAD,0xA8,0x10,0x05,0xA9,0x00,0xB8,0x50,0x08,0xCD,0x27,0x01,0x90,0x03,0xAD,0x27, /* $B0B0 */
    0x01,0x8D,0x00,0x02,0xA8,0x60,0x8A,0x20,0xB5,0x91,0xA9,0x29,0xA0,0x03,0x4C,0xB1, /* $B0C0 */
    0xDF,0xC4,0x9E,0xF0,0x07,0x84,0x9E,0xA9,0x08,0x4C,0x4C,0xDF,0x60,0xC5,0x72,0xF0, /* $B0D0 */
    0x05,0x85,0x72,0x4C,0x6A,0xDF,0x60,0xA9,0x0A,0x85,0x00,0xA9,0x00,0x85,0x02,0xA9, /* $B0E0 */
    0xDF,0x85,0x04,0xA9,0x12,0x85,0x01,0xA9,0x19,0x8D,0x4E,0x01,0xA9,0x18,0x8D,0x4D, /* $B0F0 */
    0x01,0x60,0xA9,0x34,0xA2,0xAA,0x20,0x5A,0xB1,0xAD,0x4E,0x01,0xC9,0xA0,0xB0,0x05, /* $B100 */
    0x69,0x14,0x8D,0x4E,0x01,0xC9,0x50,0x90,0x17,0xAD,0x4D,0x01,0x18,0x69,0x08,0x8D, /* $B110 */
    0x4D,0x01,0xCD,0x4E,0x01,0x90,0x09,0xA9,0xA0,0x8D,0x4D,0x01,0xA9,0x14,0x85,0x01, /* $B120 */
    0x60,0xA9,0x3F,0xA2,0x4E,0x20,0x5A,0xB1,0xAD,0x4D,0x01,0xC9,0x30,0x90,0x05,0xE9, /* $B130 */
    0x01,0x8D,0x4D,0x01,0xC9,0x80,0xB0,0x11,0xAD,0x4E,0x01,0x38,0xE9,0x01,0xCD,0x4D, /* $B140 */
    0x01,0xB0,0x03,0xAD,0x4D,0x01,0x8D,0x4E,0x01,0x60,0x85,0x57,0x86,0x56,0xAD,0x4D, /* $B150 */
    0x01,0x85,0x37,0xCE,0x6E,0x01,0xA5,0x37,0x0A,0x0A,0x29,0x7F,0xA8,0xA5,0x37,0x4A, /* $B160 */
    0x4A,0x4A,0x4A,0x4A,0x20,0x6C,0xDF,0xA5,0x37,0xCD,0x4D,0x01,0xD0,0x05,0xA9,0x00, /* $B170 */
    0xB8,0x50,0x0C,0x4A,0x4A,0x4A,0xEA,0x29,0x07,0xC9,0x07,0xD0,0x02,0xA9,0x03,0xA8, /* $B180 */
    0xA9,0x68,0x20,0x4C,0xDF,0xA5,0x57,0xA6,0x56,0x20,0x39,0xDF,0xA5,0x37,0x18,0x69, /* $B190 */
    0x02,0x85,0x37,0xCD,0x4E,0x01,0x90,0xBE,0xA2,0x2C,0xA9,0xD0,0x20,0x17,0xAB,0xA9, /* $B1A0 */
    0x3F,0xA2,0xF2,0x4C,0x39,0xDF,0x20,0xC3,0xC1,0xAD,0x00,0x20,0xCD,0xC6,0xCE,0xD0, /* $B1B0 */
    0x06,0xAD,0x33,0x01,0xD0,0x01,0x60,0xA5,0x01,0xC9,0x00,0xF0,0x3C,0xA9,0x00,0x20, /* $B1C0 */
    0xBE,0xB2,0x20,0x32,0xB3,0xB0,0x1E,0x20,0x0D,0xB2,0xAD,0x6E,0x01,0xF0,0x16,0xA0, /* $B1D0 */
    0x27,0xA9,0x0E,0x38,0xF1,0xB6,0x88,0x10,0xFB,0xA8,0xF0,0x02,0x49,0xE5,0xF0,0x02, /* $B1E0 */
    0x49,0x29,0x8D,0x55,0x04,0xA9,0x00,0x20,0xFE,0xB2,0xAD,0xC4,0xCE,0x8D,0x00,0x20, /* $B1F0 */
    0xAD,0xC5,0xCE,0x8D,0x01,0x20,0xB8,0x50,0x03,0x4C,0x30,0xB2,0x60,0xA6,0x01,0xBD, /* $B200 */
    0x19,0xB2,0x48,0xBD,0x18,0xB2,0x48,0x60,0x2F,0xB2,0x03,0xD8,0xB9,0xB8,0xE9,0xAD, /* $B210 */
    0x80,0xAF,0x1B,0xAE,0x61,0xAA,0x59,0xAA,0x6E,0xAA,0x01,0xB1,0x30,0xB1,0x78,0xAA, /* $B220 */
    0xA9,0x07,0x20,0xBE,0xB2,0x20,0x86,0xB5,0xA9,0x07,0x20,0xFE,0xB2,0xA9,0x04,0x20, /* $B230 */
    0xBE,0xB2,0x20,0x5B,0xB7,0xA9,0x04,0x20,0xFE,0xB2,0xA9,0x03,0x20,0xBE,0xB2,0x20, /* $B240 */
    0xAD,0xB5,0xA9,0x03,0x20,0xFE,0xB2,0xA9,0x06,0x20,0xBE,0xB2,0x20,0x9A,0xB7,0xA9, /* $B250 */
    0x06,0x20,0xFE,0xB2,0xA9,0x05,0x20,0xBE,0xB2,0x20,0x98,0xB4,0xA9,0x05,0x20,0xFE, /* $B260 */
    0xB2,0xA9,0x00,0x20,0xBE,0xB2,0x20,0xB4,0xA8,0xA5,0x05,0x30,0x0D,0xA9,0xF2,0x18, /* $B270 */
    0xA0,0x27,0x71,0xB6,0x88,0x10,0xFB,0x8D,0x1B,0x01,0xA9,0x00,0x20,0xFE,0xB2,0x20, /* $B280 */
    0x67,0xB3,0xA9,0x01,0x20,0xBE,0xB2,0x20,0xC2,0xC5,0xA9,0x01,0x20,0xFE,0xB2,0xA9, /* $B290 */
    0x08,0x20,0xBE,0xB2,0x20,0x4D,0xC5,0xA9,0x08,0x20,0xFE,0xB2,0xA9,0x00,0x8D,0x14, /* $B2A0 */
    0x01,0xAD,0xC2,0xCE,0x8D,0x00,0x20,0xAD,0xC3,0xCE,0x8D,0x01,0x20,0x60,0xAA,0x0A, /* $B2B0 */
    0xA8,0xBD,0x15,0x04,0xD0,0x09,0xBE,0x7A,0xCE,0xB9,0x7B,0xCE,0xB8,0x50,0x06,0xBE, /* $B2C0 */
    0x68,0xCE,0xB9,0x69,0xCE,0x86,0x74,0x85,0x75,0xA9,0x00,0x85,0xA9,0x60,0xAA,0x0A, /* $B2D0 */
    0xA8,0xBD,0x15,0x04,0xD0,0x09,0xBE,0x68,0xCE,0xB9,0x69,0xCE,0xB8,0x50,0x06,0xBE, /* $B2E0 */
    0x7A,0xCE,0xB9,0x7B,0xCE,0x86,0x3B,0x85,0x3C,0xA9,0x00,0x85,0xA9,0x60,0x48,0x20, /* $B2F0 */
    0x09,0xDF,0x68,0xAA,0x0A,0xA8,0xB9,0x8C,0xCE,0x85,0x3B,0xB9,0x8D,0xCE,0x85,0x3C, /* $B300 */
    0xBD,0x15,0x04,0x49,0x01,0x9D,0x15,0x04,0xD0,0x09,0xB9,0x9E,0xCE,0xBE,0x9F,0xCE, /* $B310 */
    0xB8,0x50,0x06,0xB9,0xB0,0xCE,0xBE,0xB1,0xCE,0xA0,0x00,0x91,0x3B,0x8A,0xC8,0x91, /* $B320 */
    0x3B,0x60,0xAD,0xC4,0xCE,0xCD,0x00,0x20,0xF0,0x05,0x8D,0x00,0x20,0x38,0x60,0xAD, /* $B330 */
    0x15,0x04,0xD0,0x05,0xA2,0x02,0xB8,0x50,0x02,0xA2,0x08,0xBD,0x9E,0xCE,0xA0,0x00, /* $B340 */
    0x8C,0x6E,0x01,0x91,0x74,0xC8,0xBD,0x9F,0xCE,0x91,0x74,0xBD,0x68,0xCE,0x85,0x74, /* $B350 */
    0xBD,0x69,0xCE,0x85,0x75,0x18,0x60,0xAD,0x14,0x01,0xF0,0x0D,0xA9,0x02,0x20,0xBE, /* $B360 */
    0xB2,0x20,0x0D,0xC3,0xA9,0x02,0x20,0xFE,0xB2,0xA9,0x02,0x20,0xDE,0xB2,0xA9,0x00, /* $B370 */
    0xA2,0x0F,0x9D,0x25,0x04,0xCA,0x10,0xFA,0xAD,0x06,0x01,0x30,0x49,0xAE,0x1C,0x01, /* $B380 */
    0xBD,0xDF,0x02,0xF0,0x3E,0xA0,0x00,0xBD,0x83,0x02,0x29,0x07,0xC9,0x01,0xD0,0x33, /* $B390 */
    0xC8,0x84,0x29,0xBD,0x83,0x02,0x29,0x80,0xD0,0x1C,0xAD,0x48,0x01,0x30,0x0C,0xBD, /* $B3A0 */
    0xDF,0x02,0xCD,0x57,0x01,0xB0,0x04,0xE6,0x29,0xE6,0x29,0xA5,0x29,0xBC,0xCC,0x02, /* $B3B0 */
    0x19,0x25,0x04,0x99,0x25,0x04,0xBC,0xB9,0x02,0xA5,0x29,0x09,0x80,0x19,0x25,0x04, /* $B3C0 */
    0x99,0x25,0x04,0xCA,0x10,0xBA,0xA9,0x06,0xAC,0x25,0x01,0xF0,0x0C,0x30,0x0A,0xA5, /* $B3D0 */
    0x03,0x29,0x07,0xC9,0x07,0xD0,0x02,0xA9,0x01,0x85,0x29,0xA0,0xFF,0xA2,0xFF,0x86, /* $B3E0 */
    0x2C,0xAD,0x02,0x02,0xF0,0x0B,0xAD,0x01,0x02,0x30,0x06,0xAE,0x00,0x02,0xAC,0x01, /* $B3F0 */
    0x02,0x86,0x2A,0x84,0x2B,0xAD,0x24,0x01,0x30,0x08,0x29,0x0E,0x4A,0x85,0x2C,0xCE, /* $B400 */
    0x24,0x01,0xA2,0x0F,0xA0,0x06,0xBD,0x25,0x04,0xF0,0x0C,0x29,0x02,0xF0,0x05,0xA5, /* $B410 */
    0x03,0x29,0x01,0xA8,0xB8,0x50,0x24,0xE4,0x2A,0xF0,0x02,0xE4,0x2B,0xD0,0x05,0xA0, /* $B420 */
    0x01,0xB8,0x50,0x17,0xAD,0x24,0x01,0x30,0x10,0x8A,0x18,0x65,0x2C,0x29,0x07,0xC9, /* $B430 */
    0x07,0xD0,0x02,0xA9,0x03,0xA8,0xB8,0x50,0x02,0xA4,0x29,0x98,0xBC,0x76,0xB4,0x91, /* $B440 */
    0x3B,0xCA,0x10,0xC0,0xA2,0x0F,0x2C,0x11,0x01,0x10,0x01,0xCA,0xA0,0xC0,0xBD,0x25, /* $B450 */
    0x04,0x10,0x02,0xA0,0x00,0x84,0x58,0xBC,0x87,0xB4,0xB1,0xB0,0x29,0x1F,0x05,0x58, /* $B460 */
    0x91,0xB0,0xCA,0x10,0xE7,0x60,0xA8,0x9C,0x92,0x86,0x7C,0x70,0x66,0x5A,0x50,0x44, /* $B470 */
    0x3A,0x2E,0x24,0x18,0x0E,0x02,0xB2,0x3B,0x37,0x33,0x2F,0x2B,0x27,0x23,0x1F,0x1B, /* $B480 */
    0x17,0x13,0x0F,0x0B,0x07,0x03,0x3F,0x1D,0xA0,0x0C,0x84,0x9E,0xA9,0x08,0x20,0x4C, /* $B490 */
    0xDF,0xA2,0x66,0x20,0x65,0xC7,0xA9,0x12,0x85,0x56,0xA2,0x3F,0x86,0x37,0xA0,0x00, /* $B4A0 */
    0xA6,0x37,0xBD,0x43,0x02,0xD0,0x03,0x4C,0x49,0xB5,0xC9,0x50,0x90,0x02,0xC6,0x37, /* $B4B0 */
    0x48,0x29,0x3F,0x91,0x74,0x68,0x2A,0x2A,0x2A,0x29,0x03,0x18,0x69,0x01,0x09,0x70, /* $B4C0 */
    0xC8,0x91,0x74,0xC8,0xBD,0x03,0x02,0xAA,0xBD,0x8A,0x03,0x38,0xE5,0x68,0x85,0x63, /* $B4D0 */
    0x91,0x74,0xC8,0xBD,0x7A,0x03,0xE5,0x69,0x85,0x64,0x29,0x1F,0x91,0x74,0xC8,0xBD, /* $B4E0 */
    0x6A,0x03,0x85,0x61,0x91,0x74,0xC8,0xBD,0x5A,0x03,0x85,0x62,0x29,0x1F,0x91,0x74, /* $B4F0 */
    0xC8,0xA9,0x00,0x91,0x74,0xC8,0x91,0x74,0xC8,0x91,0x74,0xA9,0xA0,0xC8,0x91,0x74, /* $B500 */
    0xC8,0xA5,0x63,0x49,0xFF,0x18,0x69,0x01,0x91,0x74,0xC8,0xA5,0x64,0x49,0xFF,0x69, /* $B510 */
    0x00,0x29,0x1F,0x91,0x74,0xC8,0xA5,0x61,0x49,0xFF,0x18,0x69,0x01,0x91,0x74,0xC8, /* $B520 */
    0xA5,0x62,0x49,0xFF,0x69,0x00,0x29,0x1F,0x91,0x74,0xC8,0xC0,0xF0,0x90,0x06,0x88, /* $B530 */
    0x20,0x5F,0xDF,0xA0,0x00,0xC6,0x56,0x30,0x07,0xC6,0x37,0x30,0x03,0x4C,0xB0,0xB4, /* $B540 */
    0x98,0xF0,0x04,0x88,0x20,0x5F,0xDF,0xA5,0xB5,0xF0,0x0A,0xA5,0x46,0xC9,0x0A,0x90, /* $B550 */
    0x04,0xA9,0x7A,0x85,0x53,0xA9,0x01,0x4C,0x6A,0xDF,0x48,0xA0,0x00,0x98,0x91,0x74, /* $B560 */
    0xC8,0x91,0x74,0xC8,0x91,0x74,0xC8,0x68,0x91,0x74,0xA9,0x04,0x18,0x65,0x74,0x85, /* $B570 */
    0x74,0x90,0x02,0xE6,0x75,0x60,0xA9,0x01,0x85,0x9E,0xAD,0x02,0x02,0xF0,0x1D,0xC9, /* $B580 */
    0xF0,0xB0,0x19,0x85,0x57,0x85,0x2F,0xAD,0x01,0x02,0xC9,0x81,0xF0,0x0E,0xAC,0x00, /* $B590 */
    0x02,0xA5,0x51,0x4A,0x29,0x07,0x18,0x69,0x01,0x20,0xA0,0xBD,0x60,0xAD,0x06,0x01, /* $B5A0 */
    0x30,0x24,0xA2,0x06,0x86,0x37,0xA6,0x37,0xBD,0xDF,0x02,0xF0,0x15,0x85,0x57,0xBD, /* $B5B0 */
    0x83,0x02,0x29,0x18,0x4A,0x4A,0x4A,0x85,0x55,0xBD,0x83,0x02,0x29,0x07,0x0A,0x20, /* $B5C0 */
    0xD7,0xB5,0xC6,0x37,0x10,0xE0,0x60,0xA8,0xB9,0xE2,0xB5,0x48,0xB9,0xE1,0xB5,0x48, /* $B5D0 */
    0x60,0xEA,0xB5,0x1A,0xB7,0x0E,0xB6,0x21,0xB6,0x9A,0xB6,0xA9,0x03,0x85,0x9E,0xBD, /* $B5E0 */
    0x83,0x02,0x30,0x0E,0xBC,0xB9,0x02,0xA6,0x55,0xBD,0x0B,0xB6,0x20,0xA0,0xBD,0xB8, /* $B5F0 */
    0x50,0x08,0x20,0x34,0xB6,0xA0,0x00,0x20,0xCB,0xBD,0x60,0x00,0x00,0x00,0x00,0xBD, /* $B600 */
    0x8A,0x02,0x29,0x03,0xA8,0xB9,0x1E,0xB6,0xBC,0xB9,0x02,0x4C,0xFD,0xBC,0x1A,0x1A, /* $B610 */
    0x4A,0x4C,0xBC,0xB9,0x02,0xA5,0x03,0x29,0x03,0x0A,0x18,0x69,0x12,0x4C,0xFD,0xBC, /* $B620 */
    0x12,0x14,0x16,0x18,0xA5,0x57,0x85,0x2F,0xBC,0xB9,0x02,0xB9,0xCE,0x03,0x85,0x56, /* $B630 */
    0xB9,0xDE,0x03,0x85,0x58,0xBD,0xCC,0x02,0x29,0x0F,0xA8,0xA5,0x56,0x49,0x80,0x18, /* $B640 */
    0x79,0x8B,0xB6,0x50,0x09,0x10,0x05,0xA9,0x7F,0xB8,0x50,0x02,0xA9,0x80,0x49,0x80, /* $B650 */
    0x85,0x2E,0xA5,0x58,0x49,0x80,0x18,0x79,0x87,0xB6,0x50,0x09,0x10,0x05,0xA9,0x7F, /* $B660 */
    0xB8,0x50,0x02,0xA9,0x80,0x49,0x80,0x85,0x30,0xAC,0x12,0x01,0xB9,0xDC,0xBC,0x85, /* $B670 */
    0x59,0xB9,0xEC,0xBC,0x85,0x5A,0x60,0x00,0x10,0x1F,0x28,0x2C,0x28,0x1F,0x10,0x00, /* $B680 */
    0xF0,0xE1,0xD8,0xD4,0xD8,0xE1,0xF0,0x00,0x10,0x1F,0x28,0xBD,0xDF,0x02,0x85,0x57, /* $B690 */
    0xBC,0xB9,0x02,0xB9,0xCE,0x03,0x85,0x56,0xB9,0xDE,0x03,0x85,0x58,0xBD,0xCC,0x02, /* $B6A0 */
    0x10,0x23,0x98,0x18,0x69,0x01,0x29,0x0F,0xA8,0xB9,0xCE,0x03,0x38,0xE5,0x56,0x20, /* $B6B0 */
    0xFA,0xB6,0x18,0x65,0x56,0x85,0x56,0xB9,0xDE,0x03,0x38,0xE5,0x58,0x20,0xFA,0xB6, /* $B6C0 */
    0x18,0x65,0x58,0x85,0x58,0x20,0x98,0xC0,0xA2,0x61,0x20,0x65,0xC7,0xA9,0x00,0x85, /* $B6D0 */
    0xA9,0x20,0x3E,0xBD,0x84,0xA9,0xA5,0x03,0x29,0x03,0x0A,0x18,0x69,0x4E,0xA8,0xBE, /* $B6E0 */
    0xC9,0xCE,0xB9,0xC8,0xCE,0xA4,0xA9,0x4C,0x59,0xDF,0x85,0x29,0xBD,0xCC,0x02,0x29, /* $B6F0 */
    0x07,0x85,0x2C,0x86,0x2B,0xA2,0x02,0xA9,0x00,0x46,0x2C,0x90,0x03,0x18,0x65,0x29, /* $B700 */
    0x0A,0x08,0x6A,0x28,0x6A,0xCA,0x10,0xF1,0xA6,0x2B,0x60,0xA9,0x04,0xAC,0x48,0x01, /* $B710 */
    0x30,0x02,0xA9,0x00,0x85,0x9E,0xAD,0x48,0x01,0x18,0x69,0x40,0x4A,0x4A,0x4A,0x4A, /* $B720 */
    0xC9,0x05,0x90,0x02,0xA9,0x00,0xA8,0xB9,0x55,0xB7,0x85,0x29,0xBD,0x83,0x02,0x30, /* $B730 */
    0x0B,0xBC,0xB9,0x02,0xA5,0x29,0x20,0xA0,0xBD,0xB8,0x50,0x08,0x20,0x34,0xB6,0xA4, /* $B740 */
    0x29,0x20,0xCB,0xBD,0x60,0x0D,0x0C,0x0B,0x0A,0x09,0x09,0xA2,0x0B,0x86,0x37,0xA6, /* $B750 */
    0x37,0xBD,0xD3,0x02,0xF0,0x1B,0x85,0x57,0x85,0x2F,0xE0,0x08,0xBC,0xAD,0x02,0xB0, /* $B760 */
    0x05,0xA9,0x08,0xB8,0x50,0x08,0xA5,0x03,0x0A,0x29,0x06,0x18,0x69,0x20,0x20,0xFD, /* $B770 */
    0xBC,0xC6,0x37,0x10,0xDA,0xA0,0x04,0xAD,0x35,0x01,0xC9,0x06,0x90,0x08,0xA0,0x0B, /* $B780 */
    0xC9,0x08,0x90,0x02,0xA0,0x0C,0x8C,0x08,0x08,0x60,0xA0,0x00,0x84,0x9E,0xA2,0x07, /* $B790 */
    0x86,0x37,0xA6,0x37,0xBD,0x0A,0x03,0xF0,0x29,0x85,0x57,0xBD,0xFA,0x02,0x85,0x29, /* $B7A0 */
    0xBC,0x02,0x03,0xC0,0x01,0xD0,0x06,0x20,0xEB,0xB7,0xB8,0x50,0x15,0xBD,0x12,0x03, /* $B7B0 */
    0x4A,0x29,0xFE,0xC0,0x02,0x90,0x02,0xA9,0x00,0x18,0x79,0xE5,0xB7,0xA4,0x29,0x20, /* $B7C0 */
    0xFD,0xBC,0xC6,0x37,0x10,0xCC,0xAD,0x20,0x07,0xF0,0x09,0xA5,0x9F,0xC9,0x0D,0x90, /* $B7D0 */
    0x03,0x8D,0xFF,0x01,0x60,0x00,0x00,0x5A,0x58,0x56,0x1C,0xA4,0x29,0xB9,0x35,0x04, /* $B7E0 */
    0x85,0x56,0xB9,0x45,0x04,0x85,0x58,0x20,0x98,0xC0,0xA2,0x61,0x20,0x65,0xC7,0xAE, /* $B7F0 */
    0x3B,0x01,0xCE,0x3C,0x01,0xD0,0x0A,0xE8,0x8E,0x3B,0x01,0xBD,0x2A,0xB8,0x8D,0x3C, /* $B800 */
    0x01,0xBC,0x3D,0xB8,0x30,0x03,0x20,0x4E,0xB8,0xAD,0x3B,0x01,0x0A,0x18,0x69,0x28, /* $B810 */
    0xA8,0xBE,0xC9,0xCE,0xB9,0xC8,0xCE,0x4C,0x57,0xDF,0x02,0x02,0x02,0x02,0x02,0x04, /* $B820 */
    0x03,0x02,0x01,0x20,0x03,0x03,0x03,0x03,0x03,0x03,0x03,0x3B,0xB8,0x00,0x02,0x02, /* $B830 */
    0x02,0x02,0x02,0x02,0x02,0x04,0x06,0xFF,0xFF,0xFF,0xFF,0xFF,0xFF,0xFF,0xB9,0x58, /* $B840 */
    0xB8,0x48,0xB9,0x57,0xB8,0x48,0x60,0x5E,0xB8,0x74,0xB8,0x87,0xB8,0x95,0xB8,0xA9, /* $B850 */
    0x0C,0x8D,0x0B,0x08,0x85,0x24,0xA9,0x04,0x8D,0x0A,0x08,0x85,0x23,0xA9,0x00,0x85, /* $B860 */
    0x22,0x8D,0x09,0x08,0x60,0xA4,0x22,0xA2,0x02,0xB5,0x22,0x48,0x94,0x22,0x98,0x9D, /* $B870 */
    0x09,0x08,0x68,0xA8,0xCA,0x10,0xF2,0x60,0x20,0x96,0xC1,0xA9,0x7F,0x8D,0x39,0x01, /* $B880 */
    0xA9,0x04,0x8D,0x3A,0x01,0x60,0xAD,0x39,0x01,0x8D,0xFC,0x2F,0xAD,0x3A,0x01,0x09, /* $B890 */
    0x70,0x8D,0xFD,0x2F,0xA9,0xC0,0x8D,0xFF,0x2F,0xAD,0x39,0x01,0x38,0xE9,0x20,0x10, /* $B8A0 */
    0x05,0x29,0x7F,0xCE,0x3A,0x01,0x8D,0x39,0x01,0x60,0xA9,0x3F,0xA2,0xF2,0x20,0x39, /* $B8B0 */
    0xDF,0xA9,0x00,0x85,0x6A,0x85,0x6B,0x85,0x6C,0x85,0x6D,0x8D,0x02,0x02,0x85,0x68, /* $B8C0 */
    0x85,0x69,0xA9,0xE0,0x85,0x5F,0xA9,0xFF,0x85,0x5B,0x20,0x67,0xB9,0x85,0x77,0x86, /* $B8D0 */
    0x76,0xA2,0x0F,0x86,0x37,0xA6,0x37,0xBD,0x83,0x02,0xF0,0x49,0x85,0x57,0xBD,0x63, /* $B8E0 */
    0x02,0x85,0x56,0xBD,0xA3,0x02,0x85,0x58,0x20,0x98,0xC0,0xA9,0x00,0x85,0x73,0x20, /* $B8F0 */
    0x44,0xB9,0x20,0xBA,0xC3,0xA9,0xA0,0x20,0x6A,0xB5,0x20,0x44,0xB9,0xA2,0x61,0x20, /* $B900 */
    0x72,0xC7,0x20,0x55,0xB9,0x20,0x6C,0xDF,0xA5,0x37,0x29,0x07,0xC9,0x07,0xD0,0x02, /* $B910 */
    0xA9,0x00,0xA8,0x84,0x9E,0xA9,0x08,0x20,0x4C,0xDF,0xA9,0x00,0x20,0x4A,0xDF,0x20, /* $B920 */
    0x67,0xB9,0x20,0x39,0xDF,0xC6,0x37,0x10,0xAC,0x20,0x44,0xB9,0xA9,0x01,0x20,0x6A, /* $B930 */
    0xDF,0x20,0x09,0xDF,0xA6,0x74,0xA4,0x75,0xA5,0x76,0x85,0x74,0x86,0x76,0xA5,0x77, /* $B940 */
    0x85,0x75,0x84,0x77,0x60,0xA5,0x57,0x4A,0x4A,0x4A,0x4A,0xA0,0x00,0xC8,0x4A,0xD0, /* $B950 */
    0xFC,0x18,0x69,0x02,0xA0,0x00,0x60,0xAD,0x15,0x04,0xF0,0x09,0xAD,0x6F,0xCE,0xAE, /* $B960 */
    0x6E,0xCE,0xB8,0x50,0x06,0xAD,0x87,0xCE,0xAE,0x86,0xCE,0x60,0xF0,0xE7,0xCF,0xAA, /* $B970 */
    0x80,0x56,0x31,0x19,0x10,0x19,0x31,0x56,0x80,0xAA,0xCF,0xE7,0xF0,0xF0,0xF0,0xB8, /* $B980 */
    0x80,0x48,0x10,0x10,0x10,0x10,0x10,0x48,0x80,0xB8,0xF0,0xF0,0xF0,0xF0,0xB8,0xB8, /* $B990 */
    0x80,0x48,0x48,0x10,0x10,0x10,0x48,0x48,0x80,0xB8,0xB8,0xF0,0xEC,0xD5,0xB1,0x90, /* $B9A0 */
    0x70,0x4F,0x2B,0x14,0x14,0x2B,0x4F,0x70,0x90,0xB1,0xD5,0xEC,0xF0,0xC0,0xA0,0x94, /* $B9B0 */
    0x6C,0x60,0x40,0x10,0x10,0x40,0x60,0x6C,0x94,0xA0,0xC0,0xF0,0xD9,0xC2,0xAC,0x97, /* $B9C0 */
    0x80,0x69,0x52,0x3C,0x27,0x10,0x35,0x5A,0x80,0xA6,0xCA,0xF0,0xEA,0xE0,0x9C,0x80, /* $B9D0 */
    0x64,0x20,0x16,0x50,0x16,0x20,0x64,0x80,0x9C,0xE0,0xEA,0xB0,0x10,0x1E,0x2C,0x3A, /* $B9E0 */
    0x48,0x56,0x64,0x70,0x90,0x9E,0xAC,0xBA,0xC8,0xD6,0xE4,0xF0,0x10,0x1E,0x2D,0x3C, /* $B9F0 */
    0x4B,0x5A,0x69,0x78,0x87,0x96,0xA5,0xB4,0xC3,0xD2,0xE1,0xF0,0x10,0x10,0x10,0x10, /* $BA00 */
    0x16,0x29,0x46,0x69,0x97,0xBA,0xD7,0xEA,0xF0,0xF0,0xF0,0xF0,0x10,0x24,0x30,0x36, /* $BA10 */
    0x3E,0x49,0x5A,0x75,0x94,0xA4,0xAC,0xBA,0xDA,0xE2,0xEA,0xF0,0x80,0x70,0x48,0x20, /* $BA20 */
    0x10,0x20,0x48,0x70,0x80,0x90,0xB8,0xE0,0xF0,0xE0,0xB8,0x90,0xDA,0xA4,0x87,0x80, /* $BA30 */
    0x79,0x5C,0x26,0x10,0x10,0x20,0x48,0x80,0xB8,0xE0,0xF0,0xF0,0x10,0x10,0x30,0x30, /* $BA40 */
    0x50,0x50,0x70,0x70,0x90,0x90,0xB0,0xB0,0xD0,0xD0,0xF0,0xF0,0xB0,0x80,0x50,0x47, /* $BA50 */
    0x18,0x30,0x18,0x47,0x50,0x80,0xB0,0xB9,0xE8,0xD4,0xE8,0xB9,0x10,0x1E,0x21,0x28, /* $BA60 */
    0x3C,0x55,0x66,0x73,0x8D,0x9A,0xAB,0xC4,0xD8,0xDF,0xE2,0xF0,0x80,0xAA,0xCF,0xE7, /* $BA70 */
    0xF0,0xE7,0xCF,0xAA,0x80,0x56,0x31,0x19,0x10,0x19,0x31,0x56,0x80,0xB8,0xF0,0xF0, /* $BA80 */
    0xF0,0xF0,0xF0,0xB8,0x80,0x48,0x10,0x10,0x10,0x10,0x10,0x48,0x80,0xB8,0xB8,0xF0, /* $BA90 */
    0xF0,0xF0,0xB8,0xB8,0x80,0x48,0x48,0x10,0x10,0x10,0x48,0x48,0x94,0xB0,0xB8,0xA7, /* $BAA0 */
    0xA7,0xB8,0xB0,0x94,0x6C,0x50,0x48,0x59,0x59,0x48,0x50,0x6C,0x96,0xA3,0xC5,0xF0, /* $BAB0 */
    0xF0,0xC5,0xA3,0x96,0x6A,0x5D,0x3B,0x10,0x10,0x3B,0x5D,0x6A,0x3D,0x6A,0x97,0xC4, /* $BAC0 */
    0xF0,0xC4,0x97,0x6A,0x3D,0x10,0x10,0x10,0x10,0x10,0x10,0x10,0xA0,0xE0,0xEA,0xB0, /* $BAD0 */
    0xEA,0xE0,0xA0,0x80,0x60,0x20,0x16,0x50,0x16,0x20,0x60,0x80,0xF0,0xD0,0xB0,0x90, /* $BAE0 */
    0x70,0x50,0x30,0x10,0x10,0x30,0x50,0x70,0x90,0xB0,0xD0,0xF0,0x40,0x40,0x40,0x40, /* $BAF0 */
    0x40,0x40,0x40,0x40,0x40,0x40,0x40,0x40,0x40,0x40,0x40,0x40,0xF0,0xCB,0xA6,0x80, /* $BB00 */
    0x5C,0x39,0x20,0x12,0x12,0x20,0x39,0x5C,0x80,0xA6,0xCB,0xF0,0xC0,0xA6,0x8A,0x6A, /* $BB10 */
    0x4A,0x2F,0x14,0x24,0x20,0x39,0x59,0x75,0x72,0x90,0xB0,0xD0,0x80,0x57,0x48,0x57, /* $BB20 */
    0x80,0xA9,0xBA,0xA9,0x80,0x57,0x48,0x57,0x80,0xA9,0xBA,0xA9,0xE4,0xE8,0xB7,0x80, /* $BB30 */
    0xB7,0xE8,0xE4,0xB2,0x7A,0x47,0x20,0x10,0x20,0x47,0x7A,0xB2,0x90,0x70,0x70,0x50, /* $BB40 */
    0x50,0x30,0x30,0x10,0x10,0x30,0x30,0x50,0x50,0x70,0x70,0x90,0xE6,0xD0,0xE6,0xB9, /* $BB50 */
    0xAE,0x80,0x52,0x47,0x14,0x30,0x14,0x47,0x52,0x80,0xAE,0xB9,0x7E,0x6A,0x51,0x3A, /* $BB60 */
    0x2C,0x2C,0x38,0x4E,0x4E,0x38,0x2C,0x2C,0x3A,0x51,0x6A,0x7E,0x05,0x06,0x07,0x08, /* $BB70 */
    0x09,0x0A,0x0B,0x0C,0x0D,0x0E,0x0F,0x00,0x01,0x02,0x03,0x04,0x04,0x04,0x08,0x08, /* $BB80 */
    0x08,0x08,0x0C,0x0C,0x0C,0x0C,0x00,0x00,0x00,0x00,0x04,0x04,0x04,0x08,0x04,0x08, /* $BB90 */
    0x08,0x0C,0x08,0x0C,0x0C,0x00,0x0C,0x00,0x00,0x04,0x00,0x04,0x06,0x07,0x09,0x08, /* $BBA0 */
    0x07,0x09,0x0A,0x0C,0x0E,0x0F,0x01,0x00,0x0F,0x01,0x02,0x04,0x07,0x06,0x05,0x08, /* $BBB0 */
    0x0B,0x0A,0x09,0x0C,0x0F,0x0E,0x0D,0x00,0x03,0x02,0x01,0x04,0x05,0x05,0x05,0x05, /* $BBC0 */
    0x0B,0x0B,0x0B,0x0B,0x0B,0x00,0x00,0x00,0x00,0x00,0x00,0x05,0x04,0x08,0x0B,0x05, /* $BBD0 */
    0x08,0x0C,0x0E,0x09,0x0C,0x00,0x03,0x0D,0x00,0x04,0x07,0x02,0x0D,0x0D,0x0D,0x0D, /* $BBE0 */
    0x0D,0x0D,0x0D,0x00,0x03,0x03,0x03,0x03,0x03,0x03,0x03,0x00,0x00,0x00,0x00,0x00, /* $BBF0 */
    0x00,0x00,0x00,0x00,0x00,0x00,0x00,0x00,0x00,0x00,0x00,0x00,0x0C,0x0C,0x0C,0x0D, /* $BC00 */
    0x0E,0x0F,0x0F,0x00,0x01,0x01,0x02,0x03,0x04,0x04,0x04,0x00,0x0E,0x0D,0x0C,0x0D, /* $BC10 */
    0x0D,0x0D,0x01,0x0F,0x02,0x03,0x03,0x00,0x03,0x03,0x03,0x00,0x0B,0x09,0x07,0x05, /* $BC20 */
    0x03,0x01,0x0F,0x0D,0x0D,0x0F,0x01,0x03,0x05,0x07,0x09,0x0B,0x08,0x0B,0x0C,0x04, /* $BC30 */
    0x05,0x08,0x0B,0x0C,0x0D,0x0E,0x0F,0x01,0x02,0x03,0x04,0x05,0x0C,0x00,0x0C,0x00, /* $BC40 */
    0x0C,0x00,0x0C,0x00,0x04,0x00,0x04,0x00,0x04,0x00,0x04,0x00,0x0A,0x06,0x0C,0x08, /* $BC50 */
    0x0E,0x0A,0x00,0x0C,0x02,0x0E,0x04,0x00,0x06,0x02,0x08,0x04,0x0E,0x0C,0x0D,0x0E, /* $BC60 */
    0x00,0x02,0x02,0x00,0x0E,0x0E,0x00,0x02,0x03,0x04,0x02,0x00,0x00,0x01,0x02,0x03, /* $BC70 */
    0x04,0x05,0x06,0x07,0x0D,0x09,0x08,0x0C,0x0E,0x0F,0x0A,0x0B,0x18,0x1C,0x18,0x0F, /* $BC80 */
    0x18,0x18,0x18,0x18,0x0A,0x18,0x10,0x0F,0x18,0x0C,0x14,0x0A,0x50,0x50,0x50,0x68, /* $BC90 */
    0x50,0x50,0x68,0xB0,0xA0,0x50,0x90,0x80,0x20,0xB0,0x60,0xA0,0x40,0x20,0x40,0x80, /* $BCA0 */
    0x40,0x40,0x70,0x60,0x00,0x20,0x40,0x00,0xA0,0x40,0x40,0x00,0xFF,0xFF,0xFF,0xFF, /* $BCB0 */
    0xFF,0xFF,0xFF,0x00,0x01,0xFF,0x00,0x00,0xFE,0x01,0xFF,0x01,0x00,0x00,0x00,0x00, /* $BCC0 */
    0x00,0x00,0x00,0xFF,0xFF,0xFF,0xFF,0x00,0x00,0xFF,0x00,0xFF,0x00,0x00,0x60,0x40, /* $BCD0 */
    0x00,0x00,0x48,0x40,0x50,0x28,0x50,0x00,0x00,0x50,0x00,0x40,0x04,0x04,0x03,0x04, /* $BCE0 */
    0x04,0x04,0x03,0x04,0x05,0x04,0x04,0x04,0x04,0x04,0x04,0x05,0x3E,0x85,0x55,0xB9, /* $BCF0 */
    0x35,0x04,0x85,0x56,0xB9,0x45,0x04,0x85,0x58,0x20,0x98,0xC0,0xA2,0x61,0x20,0x65, /* $BD00 */
    0xC7,0xA9,0x00,0x85,0xA9,0x20,0x3E,0xBD,0xA5,0x78,0x49,0x07,0x0A,0xC9,0x0A,0xB0, /* $BD10 */
    0x02,0xA9,0x0A,0x0A,0x0A,0x0A,0x0A,0x91,0x74,0xC8,0xA9,0x60,0x91,0x74,0xC8,0x84, /* $BD20 */
    0xA9,0xA4,0x55,0xBE,0xC9,0xCE,0xB9,0xC8,0xCE,0xA4,0xA9,0x4C,0x59,0xDF,0xA5,0x57, /* $BD30 */
    0xC9,0x10,0x90,0x48,0x38,0xE5,0x5F,0x8D,0x95,0x60,0xA9,0x00,0xE5,0x5B,0x8D,0x96, /* $BD40 */
    0x60,0xA9,0x18,0x8D,0x8C,0x60,0xA5,0xA0,0x8D,0x8E,0x60,0x8D,0x94,0x60,0x2C,0x40, /* $BD50 */
    0x60,0x30,0xFB,0xAD,0x60,0x60,0x85,0x79,0xAD,0x70,0x60,0x85,0x7A,0xA2,0x0F,0x8E, /* $BD60 */
    0x8C,0x60,0x38,0xE9,0x01,0xD0,0x02,0xA9,0x01,0xA2,0x00,0xE8,0x06,0x79,0x2A,0x90, /* $BD70 */
    0xFA,0x4A,0x49,0x7F,0x18,0x69,0x01,0xA8,0x8A,0xB8,0x50,0x04,0xA9,0x01,0xA0,0x00, /* $BD80 */
    0x85,0x78,0x48,0x98,0xA4,0xA9,0x91,0x74,0xC8,0x68,0x09,0x70,0x91,0x74,0xC8,0x60, /* $BD90 */
    0x85,0x36,0xB9,0xCE,0x03,0x85,0x56,0xB9,0xDE,0x03,0x85,0x58,0xA5,0x57,0x85,0x2F, /* $BDA0 */
    0x98,0x18,0x69,0x01,0x29,0x0F,0xAA,0xBD,0xCE,0x03,0x85,0x2E,0xBD,0xDE,0x03,0x85, /* $BDB0 */
    0x30,0xA9,0x00,0x85,0x59,0xA9,0x04,0x85,0x5A,0xA4,0x36,0xA5,0x5B,0x30,0x07,0xA5, /* $BDC0 */
    0x57,0xC5,0x5F,0xB0,0x01,0x60,0xB9,0xB6,0xBF,0x85,0x99,0xB9,0xC4,0xBF,0x85,0x38, /* $BDD0 */
    0xA4,0x9E,0xA9,0x08,0x20,0x4C,0xDF,0x20,0x98,0xC0,0xA2,0x61,0x20,0x65,0xC7,0xA5, /* $BDE0 */
    0x2E,0x85,0x56,0xA5,0x2F,0x85,0x57,0xA5,0x30,0x85,0x58,0x20,0x98,0xC0,0xA4,0x59, /* $BDF0 */
    0xA5,0x5A,0x20,0x6C,0xDF,0xA5,0x61,0x38,0xE5,0x6A,0x85,0x79,0xA5,0x62,0xE5,0x6B, /* $BE00 */
    0x85,0x9B,0x30,0x09,0xF0,0x04,0xA9,0xFF,0x85,0x79,0xB8,0x50,0x16,0xC9,0xFF,0xF0, /* $BE10 */
    0x05,0xA9,0xFF,0xB8,0x50,0x0B,0xA5,0x79,0x49,0xFF,0x18,0x69,0x01,0x90,0x02,0xA9, /* $BE20 */
    0xFF,0x85,0x79,0xA5,0x63,0x38,0xE5,0x6C,0x85,0x89,0xA5,0x64,0xE5,0x6D,0x85,0x9D, /* $BE30 */
    0x30,0x09,0xF0,0x04,0xA9,0xFF,0x85,0x89,0xB8,0x50,0x12,0xC9,0xFF,0xF0,0x05,0xA9, /* $BE40 */
    0xFF,0xB8,0x50,0x07,0xA5,0x89,0x49,0xFF,0x18,0x69,0x01,0x85,0x89,0xA9,0x00,0x85, /* $BE50 */
    0x82,0x85,0x92,0xA5,0x79,0x0A,0x26,0x82,0x85,0x7A,0x0A,0x85,0x7C,0xA5,0x82,0x2A, /* $BE60 */
    0x85,0x84,0xA5,0x7C,0x65,0x79,0x85,0x7D,0xA5,0x84,0x69,0x00,0x85,0x85,0xA5,0x7A, /* $BE70 */
    0x65,0x79,0x85,0x7B,0xA5,0x82,0x69,0x00,0x85,0x83,0x85,0x86,0xA5,0x7B,0x0A,0x85, /* $BE80 */
    0x7E,0x26,0x86,0x65,0x79,0x85,0x7F,0xA5,0x86,0x69,0x00,0x85,0x87,0xA5,0x89,0x0A, /* $BE90 */
    0x26,0x92,0x85,0x8A,0x0A,0x85,0x8C,0xA5,0x92,0x2A,0x85,0x94,0xA5,0x8C,0x65,0x89, /* $BEA0 */
    0x85,0x8D,0xA5,0x94,0x69,0x00,0x85,0x95,0xA5,0x8A,0x65,0x89,0x85,0x8B,0xA5,0x92, /* $BEB0 */
    0x69,0x00,0x85,0x93,0x85,0x96,0xA5,0x8B,0x0A,0x85,0x8E,0x26,0x96,0x65,0x89,0x85, /* $BEC0 */
    0x8F,0xA5,0x96,0x69,0x00,0x85,0x97,0xA0,0x00,0x84,0xA9,0xA4,0x38,0xB9,0xD3,0xBF, /* $BED0 */
    0xC9,0x01,0xD0,0x02,0xA9,0xC0,0x85,0x73,0xB9,0xD2,0xBF,0x85,0x2D,0xC8,0xC8,0x84, /* $BEE0 */
    0x38,0xAA,0x29,0x07,0xA8,0x8A,0x0A,0x85,0x2B,0x4A,0x4A,0x4A,0x4A,0x29,0x07,0xAA, /* $BEF0 */
    0xA5,0x2B,0x45,0x9B,0x30,0x0B,0xB9,0x78,0x00,0x85,0x61,0xB9,0x80,0x00,0xB8,0x50, /* $BF00 */
    0x11,0xB9,0x78,0x00,0x49,0xFF,0x18,0x69,0x01,0x85,0x61,0xB9,0x80,0x00,0x49,0xFF, /* $BF10 */
    0x69,0x00,0x85,0x62,0xA5,0x2D,0x45,0x9D,0x10,0x0E,0xB5,0x88,0x18,0x65,0x61,0x85, /* $BF20 */
    0x61,0xB5,0x90,0x65,0x62,0xB8,0x50,0x0B,0xA5,0x61,0x38,0xF5,0x88,0x85,0x61,0xA5, /* $BF30 */
    0x62,0xF5,0x90,0x85,0x62,0xA5,0x2B,0x45,0x9D,0x30,0x0B,0xB9,0x88,0x00,0x85,0x63, /* $BF40 */
    0xB9,0x90,0x00,0xB8,0x50,0x11,0xB9,0x88,0x00,0x49,0xFF,0x18,0x69,0x01,0x85,0x63, /* $BF50 */
    0xB9,0x90,0x00,0x49,0xFF,0x69,0x00,0x85,0x64,0xA5,0x2D,0x45,0x9B,0x10,0x0E,0xA5, /* $BF60 */
    0x63,0x38,0xF5,0x78,0x85,0x63,0xA5,0x64,0xF5,0x80,0xB8,0x50,0x0B,0xA5,0x63,0x18, /* $BF70 */
    0x75,0x78,0x85,0x63,0xA5,0x64,0x75,0x80,0x85,0x64,0xA4,0xA9,0xA5,0x63,0x91,0x74, /* $BF80 */
    0xC8,0xA5,0x64,0x29,0x1F,0x91,0x74,0xC8,0xA5,0x61,0x91,0x74,0xC8,0xA5,0x62,0x29, /* $BF90 */
    0x1F,0x05,0x73,0x91,0x74,0xC8,0x84,0xA9,0xC6,0x99,0xF0,0x03,0x4C,0xDB,0xBE,0xA4, /* $BFA0 */
    0xA9,0x88,0x4C,0x5F,0xDF,0x08,0x08,0x08,0x08,0x08,0x08,0x08,0x08,0x08,0x09,0x06, /* $BFB0 */
    0x07,0x07,0x04,0x02,0x00,0x10,0x20,0x30,0x40,0x50,0x60,0x70,0x80,0x92,0x9E,0xAC, /* $BFC0 */
    0xBA,0xC2,0x0C,0x01,0x8C,0x01,0x4A,0x01,0x09,0x01,0xCB,0x01,0x4B,0x01,0x89,0x01, /* $BFD0 */
    0xCA,0x01,0x90,0x01,0x8A,0x01,0x23,0x01,0xDB,0x01,0x41,0x01,0x10,0x01,0x0A,0x01, /* $BFE0 */
    0xCB,0x01,0x91,0x01,0x17,0x01,0x4B,0x01,0x8A,0x01,0xCE,0x01,0x08,0x01,0x0A,0x01, /* $BFF0 */
    0xCB,0x01,0x92,0x01,0x16,0x01,0x4B,0x01,0x8A,0x01,0xCD,0x01,0x49,0x01,0x0A,0x01, /* $C000 */
    0xCB,0x01,0x93,0x01,0x15,0x01,0x4B,0x01,0x8A,0x01,0xCC,0x01,0x4A,0x01,0x0A,0x01, /* $C010 */
    0xCB,0x01,0x95,0x01,0x13,0x01,0x4B,0x01,0x8A,0x01,0xCA,0x01,0x4C,0x01,0x0A,0x01, /* $C020 */
    0xCB,0x01,0x96,0x01,0x12,0x01,0x4B,0x01,0x8A,0x01,0xC9,0x01,0x4D,0x01,0x0A,0x01, /* $C030 */
    0xCB,0x01,0x97,0x01,0x11,0x01,0x4B,0x01,0x8A,0x01,0x88,0x01,0x4E,0x01,0x0A,0x01, /* $C040 */
    0xCB,0x01,0x0B,0x00,0xA3,0x01,0x0A,0x01,0x10,0x01,0x4B,0x01,0x8A,0x01,0x90,0x01, /* $C050 */
    0x41,0x01,0x5B,0x01,0x9A,0x01,0x31,0x01,0xB1,0x01,0x31,0x01,0xB1,0x01,0x1A,0x01, /* $C060 */
    0x01,0x00,0x91,0x01,0x21,0x01,0xA1,0x01,0x21,0x01,0xA1,0x01,0x11,0x01,0x01,0x00, /* $C070 */
    0x89,0x01,0x11,0x01,0x91,0x01,0x11,0x01,0x91,0x01,0x09,0x01,0x01,0x00,0x8A,0x01, /* $C080 */
    0x12,0x01,0x8A,0x01,0x01,0x00,0x06,0x01,0xA5,0x57,0x38,0xE5,0x5F,0x8D,0x95,0x60, /* $C090 */
    0xA9,0x00,0xE5,0x5B,0x8D,0x96,0x60,0x10,0x0A,0xA9,0x00,0x8D,0x96,0x60,0xA9,0x01, /* $C0A0 */
    0x8D,0x95,0x60,0xA5,0x58,0xC5,0x60,0x90,0x07,0xE5,0x60,0xA2,0x00,0xB8,0x50,0x07, /* $C0B0 */
    0xA5,0x60,0x38,0xE5,0x58,0xA2,0xFF,0x8D,0x8E,0x60,0x8D,0x94,0x60,0x86,0x33,0xA5, /* $C0C0 */
    0x56,0xC5,0x5E,0x90,0x07,0xE5,0x5E,0xA2,0x00,0xB8,0x50,0x07,0xA5,0x5E,0x38,0xE5, /* $C0D0 */
    0x56,0xA2,0xFF,0x85,0x32,0x86,0x34,0x2C,0x40,0x60,0x30,0xFB,0xAD,0x60,0x60,0x85, /* $C0E0 */
    0x63,0xAD,0x70,0x60,0x85,0x64,0xA5,0x32,0x8D,0x8E,0x60,0x8D,0x94,0x60,0xA5,0x33, /* $C0F0 */
    0x30,0x18,0xA5,0x63,0x18,0x65,0x68,0x85,0x63,0xA5,0x64,0x65,0x69,0x50,0x06,0xA9, /* $C100 */
    0xFF,0x85,0x63,0xA9,0x7F,0x85,0x64,0xB8,0x50,0x15,0xA5,0x68,0x38,0xE5,0x63,0x85, /* $C110 */
    0x63,0xA5,0x69,0xE5,0x64,0x50,0x06,0xA9,0x00,0x85,0x63,0xA9,0x80,0x85,0x64,0x2C, /* $C120 */
    0x40,0x60,0x30,0xFB,0xAD,0x60,0x60,0x85,0x61,0xAD,0x70,0x60,0x85,0x62,0xA6,0x34, /* $C130 */
    0x30,0x16,0xA5,0x61,0x18,0x65,0x66,0x85,0x61,0xA5,0x62,0x65,0x67,0x50,0x06,0xA9, /* $C140 */
    0xFF,0x85,0x61,0xA9,0x7F,0x85,0x62,0x60,0xA5,0x66,0x38,0xE5,0x61,0x85,0x61,0xA5, /* $C150 */
    0x67,0xE5,0x62,0x50,0x06,0xA9,0x00,0x85,0x61,0xA9,0x80,0x85,0x62,0x60,0x20,0x13, /* $C160 */
    0xAA,0xA9,0x80,0x85,0x5E,0xA9,0xFF,0x8D,0x14,0x01,0x20,0x35,0xC2,0xAD,0x33,0x01, /* $C170 */
    0xD0,0x03,0x8D,0x00,0x58,0xA9,0x00,0x8D,0x33,0x01,0xAD,0xC6,0xCE,0x8D,0x00,0x20, /* $C180 */
    0xAD,0xC7,0xCE,0x8D,0x01,0x20,0xA5,0x9F,0x29,0x70,0xC9,0x5F,0x90,0x02,0xA9,0x5F, /* $C190 */
    0x4A,0x09,0x07,0xAA,0xA0,0x07,0xBD,0xFD,0xC1,0x29,0x0F,0x99,0x19,0x00,0x99,0x00, /* $C1A0 */
    0x08,0xBD,0xFD,0xC1,0x4A,0x4A,0x4A,0x4A,0x99,0x21,0x00,0x99,0x08,0x08,0xCA,0x88, /* $C1B0 */
    0x10,0xE4,0x60,0xA9,0x00,0x85,0x81,0x85,0x91,0x85,0x80,0x85,0x78,0x85,0x90,0x85, /* $C1C0 */
    0x88,0xA9,0x00,0x8D,0x80,0x60,0x8D,0x81,0x60,0x8D,0x84,0x60,0x8D,0x85,0x60,0x8D, /* $C1D0 */
    0x86,0x60,0x8D,0x87,0x60,0x8D,0x89,0x60,0x8D,0x83,0x60,0x8D,0x8D,0x60,0x8D,0x8E, /* $C1E0 */
    0x60,0x8D,0x8F,0x60,0x8D,0x90,0x60,0xA9,0x0F,0x8D,0x8C,0x60,0x60,0x00,0x04,0x08, /* $C1F0 */
    0x0C,0xC3,0x07,0x0B,0x0B,0x00,0x07,0x0B,0x08,0x44,0x03,0x0C,0x0C,0x00,0x0B,0x03, /* $C200 */
    0x07,0xC8,0x0C,0x04,0x04,0x00,0x0B,0x08,0x07,0xC4,0x0C,0x03,0x03,0x00,0x04,0x08, /* $C210 */
    0x0C,0xC3,0x07,0x0F,0x0B,0x00,0x0C,0x08,0x04,0xC3,0x0B,0x07,0x07,0x06,0x03,0x01, /* $C220 */
    0x04,0x00,0x05,0x05,0x05,0xA6,0x3D,0xB5,0x46,0x20,0xE8,0xC2,0x48,0xAC,0x12,0x01, /* $C230 */
    0xB9,0x8C,0xBC,0x49,0xFF,0x18,0x69,0x01,0x85,0x5F,0x85,0x5D,0xA9,0x10,0x38,0xE5, /* $C240 */
    0x5F,0x85,0xA0,0xA9,0xFF,0x85,0x5B,0xB9,0x9C,0xBC,0x85,0x60,0xB9,0xCC,0xBC,0x8D, /* $C250 */
    0x11,0x01,0xA5,0x02,0xC9,0x1E,0xD0,0x0D,0xB9,0xAC,0xBC,0x85,0x68,0xB9,0xBC,0xBC, /* $C260 */
    0x85,0x69,0xB8,0x50,0x18,0xB9,0xAC,0xBC,0x38,0xE5,0x68,0x8D,0x21,0x01,0xB9,0xBC, /* $C270 */
    0xBC,0xED,0x69,0x00,0xA2,0x03,0x4A,0x6E,0x21,0x01,0xCA,0x10,0xF9,0xA9,0x00,0x85, /* $C280 */
    0x66,0x85,0x67,0xA9,0x00,0x8D,0x0F,0x01,0x8D,0x10,0x01,0xA9,0x2C,0x8D,0x13,0x01, /* $C290 */
    0x68,0xA8,0xA2,0x0F,0xB9,0x7C,0xB9,0x9D,0xCE,0x03,0xB9,0x7C,0xBA,0x9D,0xDE,0x03, /* $C2A0 */
    0xA9,0x00,0x9D,0x1A,0x03,0x9D,0x3A,0x03,0x9D,0x9A,0x03,0xB9,0x7C,0xBB,0x9D,0xEE, /* $C2B0 */
    0x03,0x88,0xCA,0x10,0xDF,0xA0,0x00,0xA2,0x0F,0xB9,0xCE,0x03,0x38,0x7D,0xCE,0x03, /* $C2C0 */
    0x6A,0x9D,0x35,0x04,0xB9,0xDE,0x03,0x38,0x7D,0xDE,0x03,0x6A,0x9D,0x45,0x04,0x88, /* $C2D0 */
    0x10,0x02,0xA0,0x0F,0xCA,0x10,0xE2,0x60,0xA2,0x00,0xC9,0x62,0x90,0x05,0xAD,0xCA, /* $C2E0 */
    0x60,0x29,0x5F,0xC9,0x10,0x90,0x04,0xE8,0x38,0xE9,0x10,0xC9,0x10,0xB0,0xF6,0xA8, /* $C2F0 */
    0xB9,0x7C,0xBC,0x8D,0x12,0x01,0x0A,0x0A,0x0A,0x0A,0x09,0x0F,0x60,0xAD,0x10,0x01, /* $C300 */
    0xD0,0x27,0xA9,0xF0,0x85,0x57,0xA2,0x4F,0x20,0x73,0xC4,0x8D,0x10,0x01,0xF0,0x03, /* $C310 */
    0x8D,0x0F,0x01,0xAD,0x0F,0x01,0xD0,0x11,0xA9,0x10,0x85,0x57,0x20,0x53,0xC4,0xA5, /* $C320 */
    0x57,0xA2,0x0F,0x20,0x73,0xC4,0x8D,0x0F,0x01,0xA9,0x01,0x20,0x6A,0xDF,0xA0,0x06, /* $C330 */
    0x84,0x9E,0xAE,0x10,0x01,0xF0,0x01,0x60,0xAE,0x13,0x01,0xD0,0x01,0x60,0xA2,0x0F, /* $C340 */
    0xA9,0xC0,0x20,0xEE,0xC3,0xCA,0x10,0xF8,0xA0,0x06,0x84,0x9E,0xA9,0x08,0x20,0x4C, /* $C350 */
    0xDF,0xA0,0x4F,0xAD,0x10,0x01,0x20,0x6E,0xC3,0xA0,0x0F,0xAD,0x0F,0x01,0xD0,0x49, /* $C360 */
    0x84,0x37,0xB9,0x2A,0x03,0x85,0x61,0xB9,0x1A,0x03,0x85,0x62,0xB9,0x4A,0x03,0x85, /* $C370 */
    0x63,0xB9,0x3A,0x03,0x85,0x64,0xA2,0x61,0x20,0x72,0xC7,0xA5,0x74,0x85,0xB0,0xA5, /* $C380 */
    0x75,0x85,0xB1,0xA2,0x0F,0xAD,0x11,0x01,0xF0,0x01,0xCA,0xA9,0xC0,0x85,0x73,0x86, /* $C390 */
    0x38,0xC6,0x37,0xA5,0x37,0x29,0x0F,0xC9,0x0F,0xD0,0x07,0xA5,0x37,0x18,0x69,0x10, /* $C3A0 */
    0x85,0x37,0x20,0x23,0xC4,0xC6,0x38,0x10,0xE8,0x60,0xA5,0x61,0x38,0xE5,0x6A,0x85, /* $C3B0 */
    0x6E,0xA5,0x62,0xE5,0x6B,0x85,0x6F,0xA5,0x63,0x38,0xE5,0x6C,0x85,0x70,0xA5,0x64, /* $C3C0 */
    0xE5,0x6D,0x85,0x71,0xA2,0x6E,0x20,0x92,0xDF,0xA5,0x61,0x85,0x6A,0xA5,0x62,0x85, /* $C3D0 */
    0x6B,0xA5,0x63,0x85,0x6C,0xA5,0x64,0x85,0x6D,0xA9,0xC0,0x85,0x73,0x60,0x86,0x37, /* $C3E0 */
    0x48,0xA4,0x9E,0xA9,0x08,0x20,0x4C,0xDF,0x20,0x3C,0xC4,0xA2,0x61,0x20,0x72,0xC7, /* $C3F0 */
    0x68,0x85,0x73,0x48,0x20,0x23,0xC4,0xC6,0x37,0xA4,0x9E,0xA9,0x00,0x85,0x73,0xA9, /* $C400 */
    0x08,0x20,0x4C,0xDF,0x20,0x23,0xC4,0x68,0x85,0x73,0x20,0x3C,0xC4,0x20,0xBA,0xC3, /* $C410 */
    0xA6,0x37,0x60,0xA6,0x37,0xBD,0x2A,0x03,0x85,0x61,0xBD,0x1A,0x03,0x85,0x62,0xBD, /* $C420 */
    0x4A,0x03,0x85,0x63,0xBD,0x3A,0x03,0x85,0x64,0x4C,0xBA,0xC3,0xA6,0x37,0xBD,0x6A, /* $C430 */
    0x03,0x85,0x61,0xBD,0x5A,0x03,0x85,0x62,0xBD,0x8A,0x03,0x85,0x63,0xBD,0x7A,0x03, /* $C440 */
    0x85,0x64,0x60,0xA5,0x5B,0xD0,0x1A,0xA5,0x57,0x38,0xE5,0x5F,0x90,0x02,0xC9,0x0C, /* $C450 */
    0xB0,0x0F,0xA5,0x5F,0x18,0x69,0x0F,0xB0,0x02,0xC9,0xF0,0x90,0x02,0xA9,0xF0,0x85, /* $C460 */
    0x57,0x60,0xDB,0x85,0x57,0x86,0x38,0xA9,0x00,0x85,0x59,0xA2,0x0F,0x86,0x37,0xA6, /* $C470 */
    0x37,0xBD,0xCE,0x03,0x85,0x56,0xBD,0xDE,0x03,0x85,0x58,0x20,0x98,0xC0,0xA6,0x38, /* $C480 */
    0xA4,0x61,0xA5,0x62,0x30,0x0D,0xC9,0x04,0x90,0x06,0xA0,0xFF,0xA9,0x03,0xE6,0x59, /* $C490 */
    0xB8,0x50,0x0A,0xC9,0xFC,0xB0,0x06,0xA0,0x01,0xA9,0xFC,0xE6,0x59,0x9D,0x1A,0x03, /* $C4A0 */
    0x98,0x9D,0x2A,0x03,0xA4,0x63,0xA5,0x64,0x30,0x0D,0xC9,0x04,0x90,0x06,0xA0,0xFF, /* $C4B0 */
    0xA9,0x03,0xE6,0x59,0xB8,0x50,0x0A,0xC9,0xFC,0xB0,0x06,0xA9,0xFC,0xA0,0x01,0xE6, /* $C4C0 */
    0x59,0x9D,0x3A,0x03,0x98,0x9D,0x4A,0x03,0xC6,0x38,0xC6,0x37,0x10,0xA1,0xA5,0x59, /* $C4D0 */
    0x60,0x20,0xE8,0xC2,0x85,0x36,0x86,0x35,0xA9,0x00,0x85,0x73,0xA9,0x05,0x20,0x6A, /* $C4E0 */
    0xDF,0xA5,0x35,0x29,0x07,0xAA,0xBC,0x2D,0xC2,0x84,0x9E,0xA9,0x08,0x20,0x4C,0xDF, /* $C4F0 */
    0xAE,0x12,0x01,0xA5,0x36,0xBC,0xCC,0xBC,0xD0,0x03,0x38,0xE9,0x0F,0xA8,0xB9,0x7C, /* $C500 */
    0xBA,0x85,0x57,0x49,0x80,0xAA,0xB9,0x7C,0xB9,0x85,0x56,0x49,0x80,0x20,0x75,0xDF, /* $C510 */
    0xA9,0xC0,0x85,0x73,0xA2,0x0F,0x86,0x38,0xA4,0x36,0xB9,0x7C,0xB9,0xAA,0x38,0xE5, /* $C520 */
    0x56,0x48,0x86,0x56,0xB9,0x7C,0xBA,0xA8,0x38,0xE5,0x57,0xAA,0x84,0x57,0x68,0x20, /* $C530 */
    0x75,0xDF,0xC6,0x36,0xC6,0x38,0x10,0xE0,0xA9,0x01,0x4C,0x6A,0xDF,0xAD,0x15,0x01, /* $C540 */
    0xF0,0x5F,0xA5,0x5F,0x48,0xA5,0x5B,0x48,0xA5,0xA0,0x48,0xA9,0xE8,0x85,0x5F,0xA9, /* $C550 */
    0xFF,0x85,0x5B,0xA9,0x28,0x85,0xA0,0xA2,0x07,0x86,0x37,0xA6,0x37,0xBD,0xFE,0x03, /* $C560 */
    0xF0,0x32,0x85,0x57,0xA9,0x80,0x85,0x56,0xA9,0x80,0x85,0x58,0xA5,0x9F,0xC9,0x05, /* $C570 */
    0xB0,0x05,0xA9,0x06,0xB8,0x50,0x09,0x8A,0x29,0x07,0xC9,0x07,0xD0,0x02,0xA9,0x04, /* $C580 */
    0x85,0x9E,0xA8,0xA9,0x08,0x20,0x4C,0xDF,0xA5,0x37,0x29,0x03,0x0A,0x69,0x0A,0x85, /* $C590 */
    0x55,0x20,0x09,0xBD,0xC6,0x37,0x10,0xC3,0x68,0x85,0xA0,0x68,0x85,0x5B,0x68,0x85, /* $C5A0 */
    0x5F,0xAD,0x1F,0x01,0xF0,0x0B,0xA6,0x42,0xE0,0x15,0x90,0x05,0xA6,0x40,0xFE,0x00, /* $C5B0 */
    0x02,0x60,0xAD,0x10,0x01,0xF0,0x01,0x60,0xA5,0x5B,0xD0,0x07,0xA5,0x5F,0xC9,0xF0, /* $C5C0 */
    0x90,0x01,0x60,0xA9,0x01,0x20,0x6A,0xDF,0xA5,0x74,0x48,0xA5,0x75,0x48,0xA9,0x00, /* $C5D0 */
    0x85,0x38,0x85,0xA9,0xA2,0x0F,0xAD,0x11,0x01,0xF0,0x01,0xCA,0x86,0x37,0xA2,0x03, /* $C5E0 */
    0xA4,0xA9,0xBD,0x69,0xC6,0x91,0x74,0xC8,0xCA,0x10,0xF7,0x84,0xA9,0xAD,0x14,0x01, /* $C5F0 */
    0xD0,0x4A,0xA6,0x38,0xBD,0x9A,0x03,0x30,0x11,0xA2,0x0B,0xA4,0xA9,0xB1,0xAA,0x91, /* $C600 */
    0x74,0xC8,0xCA,0x10,0xF8,0x84,0xA9,0xB8,0x50,0x2F,0xA4,0xA9,0xB1,0xAA,0x91,0x74, /* $C610 */
    0x85,0x6C,0xC8,0xB1,0xAA,0x91,0x74,0xC9,0x10,0x90,0x02,0x09,0xE0,0x85,0x6D,0xC8, /* $C620 */
    0xB1,0xAA,0x91,0x74,0x85,0x6A,0xC8,0xB1,0xAA,0x91,0x74,0xC9,0x10,0x90,0x02,0x09, /* $C630 */
    0xE0,0x85,0x6B,0xC8,0x84,0xA9,0x20,0xC7,0xC6,0xB8,0x50,0x06,0x20,0x6D,0xC6,0x20, /* $C640 */
    0xC7,0xC6,0xA6,0x38,0x1E,0x9A,0x03,0xE6,0x38,0xC6,0x37,0x10,0x91,0x68,0x85,0xAB, /* $C650 */
    0x68,0x85,0xAA,0xA4,0xA9,0x88,0x4C,0x5F,0xDF,0x80,0x40,0x68,0x05,0xA5,0x38,0xAA, /* $C660 */
    0x18,0x69,0x01,0x29,0x0F,0xA8,0xBD,0x6A,0x03,0x38,0x79,0x6A,0x03,0x85,0x61,0xBD, /* $C670 */
    0x5A,0x03,0x79,0x5A,0x03,0x85,0x62,0x0A,0x66,0x62,0x66,0x61,0xBD,0x8A,0x03,0x38, /* $C680 */
    0x79,0x8A,0x03,0x85,0x63,0xBD,0x7A,0x03,0x79,0x7A,0x03,0x85,0x64,0x0A,0x66,0x64, /* $C690 */
    0x66,0x63,0xA4,0xA9,0xA5,0x63,0x91,0x74,0xC8,0x85,0x6C,0xA5,0x64,0x85,0x6D,0x29, /* $C6A0 */
    0x1F,0x91,0x74,0xC8,0xA5,0x61,0x91,0x74,0xC8,0x85,0x6A,0xA5,0x62,0x85,0x6B,0x29, /* $C6B0 */
    0x1F,0x91,0x74,0xC8,0x84,0xA9,0x60,0xA6,0x38,0xBD,0xAC,0x03,0xD0,0x16,0xA4,0xA9, /* $C6C0 */
    0xA2,0x03,0xA9,0x00,0x91,0x74,0xC8,0xA9,0x71,0x91,0x74,0xC8,0xCA,0x10,0xF3,0x84, /* $C6D0 */
    0xA9,0xB8,0x50,0x57,0x85,0x57,0x20,0x53,0xC4,0xBD,0x35,0x04,0x85,0x56,0xBD,0x45, /* $C6E0 */
    0x04,0x85,0x58,0x20,0x98,0xC0,0x20,0x3C,0xC7,0xA6,0x38,0xBD,0x9A,0x03,0x29,0x40, /* $C6F0 */
    0xF0,0x1F,0x20,0x3E,0xBD,0xAD,0xCA,0x60,0x29,0x02,0x18,0x69,0x1C,0xAA,0xBD,0xC9, /* $C700 */
    0xCE,0xC8,0x91,0x74,0x88,0xBD,0xC8,0xCE,0x91,0x74,0xC8,0xC8,0x84,0xA9,0xB8,0x50, /* $C710 */
    0x1A,0xA4,0xA9,0xA9,0x00,0x91,0x74,0xC8,0xA9,0x68,0x91,0x74,0xC8,0xAD,0xB2,0x3D, /* $C720 */
    0x91,0x74,0xC8,0xAD,0xB3,0x3D,0x91,0x74,0xC8,0x84,0xA9,0x60,0xA4,0xA9,0xA5,0x63, /* $C730 */
    0x38,0xE5,0x6C,0x91,0x74,0xC8,0xA5,0x64,0xE5,0x6D,0x29,0x1F,0x91,0x74,0xC8,0xA5, /* $C740 */
    0x61,0x38,0xE5,0x6A,0x91,0x74,0xC8,0xA5,0x62,0xE5,0x6B,0x29,0x1F,0x09,0xA0,0x91, /* $C750 */
    0x74,0xC8,0x84,0xA9,0x60,0xA0,0x00,0x98,0x91,0x74,0xA9,0x71,0xC8,0x91,0x74,0xC8, /* $C760 */
    0xD0,0x02,0xA0,0x00,0xA9,0x40,0x91,0x74,0xA9,0x80,0xC8,0x91,0x74,0xC8,0xB5,0x02, /* $C770 */
    0x85,0x6C,0x91,0x74,0xC8,0xB5,0x03,0x85,0x6D,0x29,0x1F,0x91,0x74,0xB5,0x00,0x85, /* $C780 */
    0x6A,0xC8,0x91,0x74,0xB5,0x01,0x85,0x6B,0x29,0x1F,0xC8,0x91,0x74,0x4C,0x5F,0xDF, /* $C790 */
    0x20,0x95,0xCD,0xA9,0x00,0x85,0x00,0xA5,0x53,0xC9,0x09,0x90,0xFA,0xA9,0x00,0x85, /* $C7A0 */
    0x53,0x20,0xBD,0xC7,0x20,0x91,0xC8,0x20,0xB6,0xB1,0x18,0x90,0xEA,0xAD,0x00,0x0D, /* $C7B0 */
    0x29,0x83,0xC9,0x82,0xF0,0x13,0x20,0xD2,0xA7,0xA6,0x00,0xA5,0x4E,0x09,0x80,0x85, /* $C7C0 */
    0x4E,0xBD,0xDB,0xC7,0x48,0xBD,0xDA,0xC7,0x48,0x60,0x0B,0xC9,0x3F,0xC9,0x0A,0x97, /* $C7D0 */
    0xAE,0xC9,0xF0,0xC9,0xFF,0xC7,0x00,0x00,0x8B,0xC9,0x3E,0xAC,0x6D,0xAD,0x17,0xCA, /* $C7E0 */
    0x48,0x91,0x4A,0x90,0xE6,0xB0,0x07,0x91,0x7A,0xC9,0x28,0x97,0xE0,0xD7,0x17,0xA6, /* $C7F0 */
    0xA5,0x03,0x2D,0x6B,0x01,0xD0,0x11,0xA5,0x04,0xF0,0x02,0xC6,0x04,0xD0,0x09,0xA5, /* $C800 */
    0x02,0x85,0x00,0xA9,0x00,0x8D,0x6B,0x01,0x4C,0x49,0x97,0xA5,0x06,0xA0,0x00,0xC9, /* $C810 */
    0x02,0xA5,0x4E,0x29,0x60,0x84,0x4E,0xF0,0x48,0xB0,0x05,0x29,0x20,0xB8,0x50,0x05, /* $C820 */
    0xC8,0xC6,0x06,0x29,0x40,0xF0,0x03,0xC6,0x06,0xC8,0x98,0x85,0x3E,0xF0,0x2F,0xA5, /* $C830 */
    0x05,0x09,0xC0,0x85,0x05,0xA9,0x00,0x85,0x16,0x85,0x18,0xA9,0x00,0x85,0x00,0xC6, /* $C840 */
    0x3E,0xA6,0x3E,0xF0,0x02,0xA2,0x03,0xFE,0x0C,0x04,0xD0,0x03,0xFE,0x0D,0x04,0xAD, /* $C850 */
    0x00,0x01,0x38,0x65,0x3E,0xC9,0x63,0x90,0x02,0xA9,0x63,0x8D,0x00,0x01,0xB8,0x50, /* $C860 */
    0x1F,0xA5,0x50,0xF0,0x1B,0x24,0x05,0x30,0x17,0xA9,0x10,0x85,0x01,0xA9,0x20,0x85, /* $C870 */
    0x04,0xA9,0x0A,0x85,0x00,0xA9,0x14,0x85,0x02,0xA9,0x00,0x85,0x50,0x8D,0x23,0x01, /* $C880 */
    0x60,0xAD,0x00,0x0C,0x29,0x10,0xD0,0x07,0xA9,0x22,0x85,0x00,0xB8,0x50,0x44,0x24, /* $C890 */
    0x05,0x70,0x40,0xA5,0x0A,0x29,0x01,0xF0,0x29,0xA4,0x06,0xD0,0x04,0xA9,0x80,0x85, /* $C8A0 */
    0xA2,0x24,0xA2,0x10,0x1D,0xC0,0x02,0xB0,0x11,0x98,0xF0,0x08,0xA9,0x16,0x85,0x01, /* $C8B0 */
    0xA9,0x0A,0x85,0x00,0x4C,0xD9,0xC8,0xB8,0x50,0x08,0xA9,0x14,0x85,0x00,0xA9,0x00, /* $C8C0 */
    0x85,0xA2,0xA5,0x06,0xF0,0x03,0x20,0x1B,0xC8,0xA5,0x09,0x29,0x03,0xD0,0x04,0xA9, /* $C8D0 */
    0x02,0x85,0x06,0xE6,0x03,0xA5,0x03,0x29,0x01,0xF0,0x03,0x20,0x1B,0xDE,0xA5,0x0C, /* $C8E0 */
    0xF0,0x03,0x20,0xFA,0xCC,0xAD,0x6C,0x01,0xF0,0x07,0xA9,0x13,0xC5,0x9F,0xB0,0x01, /* $C8F0 */
    0xF8,0xA5,0x4E,0x29,0x80,0xF0,0x04,0xA9,0x00,0x85,0x4E,0x60,0x20,0xA2,0xAB,0x20, /* $C900 */
    0x6E,0xC1,0xA5,0x05,0x10,0x03,0x20,0x62,0xCA,0xA9,0x00,0x85,0x49,0xA6,0x3E,0x86, /* $C910 */
    0x3D,0xA6,0x3D,0xAD,0x58,0x01,0x9D,0x48,0x00,0xA9,0xFF,0x9D,0x46,0x00,0xC6,0x3D, /* $C920 */
    0x10,0xEF,0xA9,0x00,0x85,0x3F,0x8D,0x15,0x01,0xA5,0x3E,0x85,0x3D,0x4C,0xC4,0x90, /* $C930 */
    0xA9,0x00,0x85,0x01,0xA9,0x1E,0x85,0x00,0x85,0x02,0xA5,0x3F,0xC5,0x3D,0xF0,0x1C, /* $C940 */
    0x85,0x3D,0xA5,0x05,0x10,0x16,0xA9,0x0E,0x85,0x01,0xA9,0x0A,0x85,0x00,0xA9,0x50, /* $C950 */
    0xAC,0x17,0x01,0xF0,0x02,0xA9,0x28,0x85,0x04,0x20,0xB2,0x92,0x20,0x48,0xCA,0xA6, /* $C960 */
    0x3D,0xB5,0x46,0x85,0x9F,0x20,0x25,0x90,0x4C,0x95,0xCD,0xA9,0x04,0x85,0x02,0xA9, /* $C970 */
    0x00,0x85,0x01,0xA9,0x0A,0x85,0x00,0xA9,0x14,0x85,0x04,0x60,0xA6,0x3D,0xB5,0x46, /* $C980 */
    0xC9,0x62,0xB0,0x04,0xF6,0x46,0xE6,0x9F,0xA9,0x18,0x85,0x00,0xBD,0x02,0x01,0xF0, /* $C990 */
    0x0B,0x20,0xB5,0x91,0xA2,0xFF,0x20,0x6C,0xCA,0x20,0xB9,0xCC,0x4C,0x09,0x90,0xA9, /* $C9A0 */
    0x00,0x85,0x04,0xA6,0x3D,0xD6,0x48,0xA5,0x48,0x05,0x49,0xD0,0x06,0x20,0xF1,0xC9, /* $C9B0 */
    0xB8,0x50,0x2D,0xA6,0x3D,0xB5,0x48,0xD0,0x08,0xA9,0x0C,0x85,0x01,0xA9,0x28,0x85, /* $C9C0 */
    0x04,0xA5,0x3E,0xF0,0x06,0xA5,0x3F,0x49,0x01,0x85,0x3F,0xA6,0x3F,0xB5,0x48,0xF0, /* $C9D0 */
    0xF0,0xA9,0x02,0xB4,0x46,0xC8,0xD0,0x02,0xA9,0x1C,0x85,0x02,0xA9,0x0A,0x85,0x00, /* $C9E0 */
    0x60,0xA9,0x00,0x8D,0x26,0x01,0xA6,0x3E,0xB5,0x46,0xCD,0x26,0x01,0x90,0x03,0x8D, /* $C9F0 */
    0x26,0x01,0xCA,0x10,0xF3,0xAC,0x26,0x01,0xF0,0x03,0xCE,0x26,0x01,0xA9,0x14,0x24, /* $CA00 */
    0x05,0x10,0x02,0xA9,0x10,0x85,0x00,0x60,0xA5,0x05,0x29,0x3F,0x85,0x05,0xA9,0x00, /* $CA10 */
    0x85,0x3E,0xA9,0x1A,0x85,0x02,0xA9,0x0A,0x85,0x00,0xA9,0xA0,0x85,0x04,0xA9,0x01, /* $CA20 */
    0x8D,0x6B,0x01,0xA9,0x0A,0x85,0x01,0x60,0x80,0x40,0x20,0x10,0x08,0x04,0x02,0x01, /* $CA30 */
    0x01,0x02,0x04,0x08,0x10,0x20,0x40,0x80,0xA0,0x10,0xAD,0x17,0x01,0xF0,0x08,0xA5, /* $CA40 */
    0x3D,0xF0,0x04,0xA9,0x04,0xA0,0x08,0x45,0xA1,0x29,0x04,0x45,0xA1,0x85,0xA1,0x84, /* $CA50 */
    0xB4,0x60,0xA9,0x00,0xA2,0x05,0x95,0x40,0xCA,0x10,0xFB,0x60,0xF8,0x24,0x05,0x10, /* $CA60 */
    0x7E,0xA4,0x3D,0xF0,0x02,0xA0,0x03,0xE0,0x08,0x90,0x16,0xA5,0x29,0x18,0x79,0x40, /* $CA70 */
    0x00,0x99,0x40,0x00,0xA5,0x2A,0x79,0x41,0x00,0x99,0x41,0x00,0xA5,0x2B,0xB8,0x50, /* $CA80 */
    0x15,0xBD,0xF1,0xCA,0x18,0x79,0x40,0x00,0x99,0x40,0x00,0xBD,0xF9,0xCA,0x79,0x41, /* $CA90 */
    0x00,0x99,0x41,0x00,0xA9,0x00,0x08,0x79,0x42,0x00,0x99,0x42,0x00,0x28,0xF0,0x0B, /* $CAA0 */
    0xAE,0x56,0x01,0xF0,0x06,0xE4,0x2B,0xF0,0x23,0x90,0x21,0x90,0x32,0xAE,0x56,0x01, /* $CAB0 */
    0xF0,0x2C,0xE0,0x03,0x90,0x0B,0x38,0xED,0x56,0x01,0xF0,0x10,0xB0,0xF8,0xB8,0x50, /* $CAC0 */
    0x1D,0xE0,0x02,0xD0,0x07,0x29,0x01,0xF0,0x03,0xB8,0x50,0x12,0xA6,0x3D,0xB5,0x48, /* $CAD0 */
    0xC9,0x06,0xB0,0x0A,0xF6,0x48,0x20,0xB9,0xCC,0xA9,0x20,0x8D,0x24,0x01,0x38,0xD8, /* $CAE0 */
    0x60,0x00,0x50,0x00,0x00,0x50,0x50,0x00,0x50,0x00,0x01,0x02,0x01,0x00,0x02,0x05, /* $CAF0 */
    0x07,0x00,0x00,0x00,0x00,0x00,0x00,0x00,0x00,0x35,0x38,0x00,0x00,0x00,0x00,0x00, /* $CB00 */
    0x00,0x00,0x00,0x47,0x4A,0x00,0x00,0x00,0x00,0x00,0x00,0x00,0x00,0x00,0x00,0x00, /* $CB10 */
    0x00,0x00,0x00,0x00,0x00,0x0D,0x10,0x00,0x00,0x00,0x00,0x00,0x00,0x00,0x00,0x00, /* $CB20 */
    0x00,0x00,0x00,0x00,0x00,0x00,0x00,0x00,0x00,0x00,0x00,0x65,0x68,0x00,0x00,0x00, /* $CB30 */
    0x00,0x00,0x00,0x00,0x00,0x00,0x00,0x21,0x32,0x00,0x00,0x00,0x00,0x00,0x00,0x00, /* $CB40 */
    0x00,0x13,0x1A,0x00,0x00,0x00,0x00,0x00,0x00,0x00,0x00,0x00,0x00,0x00,0x00,0x00, /* $CB50 */
    0x00,0x00,0x00,0x00,0x00,0x00,0x00,0x00,0x00,0x00,0x00,0x53,0x56,0x00,0x00,0x00, /* $CB60 */
    0x00,0x00,0x00,0x00,0x00,0x00,0x00,0x00,0x00,0x00,0x00,0x59,0x5C,0x00,0x00,0x00, /* $CB70 */
    0x00,0x00,0x00,0x00,0x00,0x00,0x00,0x00,0x00,0x00,0x00,0x00,0x00,0x00,0x00,0x3B, /* $CB80 */
    0x3E,0x00,0x00,0x00,0x00,0x00,0x00,0x00,0x00,0x00,0x00,0x00,0x00,0x41,0x44,0x00, /* $CB90 */
    0x00,0x4D,0x50,0x00,0x00,0x00,0x00,0x00,0x00,0x00,0x00,0x00,0x00,0x00,0x00,0x00, /* $CBA0 */
    0x00,0x5F,0x62,0x00,0x00,0x00,0x00,0x00,0x00,0x00,0x00,0x00,0x00,0x00,0x00,0x00, /* $CBB0 */
    0x00,0x00,0x00,0x00,0x00,0x00,0x00,0x00,0x00,0x00,0x00,0x6D,0x6D,0x00,0x00,0x00, /* $CBC0 */
    0x00,0xC0,0x08,0x04,0x10,0x00,0x00,0xA6,0x20,0xF8,0x04,0x00,0x00,0x40,0x08,0x04, /* $CBD0 */
    0x10,0x00,0x00,0xA6,0x20,0xFE,0x04,0x00,0x00,0x10,0x01,0x07,0x20,0x00,0x00,0xA2, /* $CBE0 */
    0x01,0xF8,0x20,0x00,0x00,0x08,0x04,0x20,0x0A,0x08,0x04,0x01,0x09,0x10,0x0D,0x04, /* $CBF0 */
    0x0C,0x00,0x00,0x08,0x04,0x00,0x0A,0x68,0x04,0x00,0x09,0x68,0x12,0xFF,0x09,0x00, /* $CC00 */
    0x00,0x40,0x01,0x00,0x01,0x40,0x01,0xFF,0x40,0x30,0x01,0xFF,0x30,0x20,0x01,0xFF, /* $CC10 */
    0x20,0x18,0x01,0xFF,0x18,0x14,0x01,0xFF,0x14,0x12,0x01,0xFF,0x12,0x10,0x01,0xFF, /* $CC20 */
    0x10,0x00,0x00,0xA8,0x93,0x00,0x02,0x00,0x00,0x0F,0x04,0x00,0x01,0x00,0x00,0xA2, /* $CC30 */
    0x04,0x40,0x01,0x00,0x00,0x00,0x03,0x02,0x09,0x00,0x00,0x08,0x03,0xFF,0x09,0x00, /* $CC40 */
    0x00,0x80,0x01,0xE8,0x05,0x00,0x00,0xA1,0x01,0x01,0x05,0x00,0x00,0x01,0x08,0x02, /* $CC50 */
    0x10,0x00,0x00,0x86,0x20,0x00,0x04,0x00,0x00,0x18,0x04,0x00,0xFF,0x00,0x00,0xAF, /* $CC60 */
    0x04,0x00,0xFF,0x00,0x00,0xC0,0x02,0xFF,0xFF,0x00,0x00,0x28,0x02,0x00,0xF0,0x00, /* $CC70 */
    0x00,0x10,0x0B,0x01,0x40,0x00,0x00,0x86,0x40,0x00,0x0B,0x00,0x00,0x20,0x80,0x00, /* $CC80 */
    0x03,0x00,0x00,0xA8,0x40,0xF8,0x06,0x00,0x00,0xB0,0x02,0x00,0xFF,0x00,0x00,0xC8, /* $CC90 */
    0x01,0x02,0xFF,0xC8,0x01,0x02,0xFF,0x00,0x00,0xC0,0x01,0x00,0x01,0x00,0x00,0x00, /* $CCA0 */
    0xA9,0x5F,0x4C,0xC3,0xCC,0xA9,0x0F,0xD0,0x0A,0xA9,0x4F,0xD0,0x06,0xA9,0x8F,0xD0, /* $CCB0 */
    0x02,0xA9,0x1F,0x24,0x05,0x10,0x22,0x86,0x31,0x84,0x32,0xA8,0xA2,0x0F,0xB9,0x01, /* $CCC0 */
    0xCB,0xF0,0x0E,0x86,0xBF,0x95,0xC0,0xA9,0x01,0x95,0xE0,0x95,0xF0,0xA9,0xFF,0x85, /* $CCD0 */
    0xBF,0x88,0xCA,0x10,0xE9,0xA6,0x31,0xA4,0x32,0x60,0xA9,0x2F,0xD0,0xD5,0xA9,0x6F, /* $CCE0 */
    0xD0,0xD1,0xA9,0x7F,0xD0,0xCD,0xA9,0x9F,0xD0,0xC9,0xA9,0xAF,0xD0,0xC9,0xA9,0xBF, /* $CCF0 */
    0xD0,0xC1,0xA9,0x3F,0xD0,0xBD,0xA9,0xCF,0xD0,0xB9,0xA2,0x0F,0xB5,0xC0,0xF0,0x7E, /* $CD00 */
    0xE4,0xBF,0xF0,0x7A,0xD6,0xE0,0xD0,0x76,0xD6,0xF0,0xD0,0x38,0xF6,0xC0,0xF6,0xC0, /* $CD10 */
    0xB5,0xC0,0x0A,0xA8,0xB0,0x10,0xB9,0xCB,0xCB,0x95,0xD0,0xB9,0xCE,0xCB,0x95,0xF0, /* $CD20 */
    0xB9,0xCC,0xCB,0xB8,0x50,0x0D,0xB9,0xCB,0xCC,0x95,0xD0,0xB9,0xCE,0xCC,0x95,0xF0, /* $CD30 */
    0xB9,0xCC,0xCC,0x95,0xE0,0xD0,0x0A,0x95,0xC0,0xB5,0xD0,0xF0,0x04,0x95,0xC0,0xD0, /* $CD40 */
    0xCB,0xB8,0x50,0x2B,0x0A,0xA8,0xB0,0x0B,0xB9,0xCC,0xCB,0x95,0xE0,0xB9,0xCD,0xCB, /* $CD50 */
    0xB8,0x50,0x08,0xB9,0xCC,0xCC,0x95,0xE0,0xB9,0xCD,0xCC,0xB4,0xD0,0x18,0x75,0xD0, /* $CD60 */
    0x95,0xD0,0x8A,0x4A,0x90,0x09,0x98,0x55,0xD0,0x29,0xF0,0x55,0xD0,0x95,0xD0,0xB5, /* $CD70 */
    0xD0,0xE0,0x08,0x90,0x06,0x9D,0xC8,0x60,0xB8,0x50,0x03,0x9D,0xC0,0x60,0xCA,0x30, /* $CD80 */
    0x03,0x4C,0x0C,0xCD,0x60,0xA9,0x00,0x8D,0xCF,0x60,0x8D,0xDF,0x60,0x8D,0x20,0x07, /* $CD90 */
    0xA2,0x04,0xAD,0xCA,0x60,0xAC,0xDA,0x60,0xCD,0xCA,0x60,0xD0,0x03,0xCC,0xDA,0x60, /* $CDA0 */
    0xF0,0x05,0x8D,0x20,0x07,0xA2,0x00,0xCA,0x10,0xEE,0xA9,0x07,0x8D,0xCF,0x60,0x8D, /* $CDB0 */
    0xDF,0x60,0xA2,0x07,0xA9,0x00,0x9D,0xC0,0x60,0x9D,0xD0,0x60,0x95,0xC0,0x95,0xD0, /* $CDC0 */
    0xCA,0x10,0xF3,0xA9,0x00,0x8D,0xC8,0x60,0xA9,0x00,0x8D,0xD8,0x60,0x60,0x0B,0x5D, /* $CDD0 */
    0x22,0x74,0x0C,0x5E,0x34,0x50,0x00,0x71,0xC5,0x68,0x40,0x80,0x6C,0x01,0x40,0x1E, /* $CDE0 */
    0x00,0x71,0xB4,0xA8,0xB4,0xA8,0xB4,0xA8,0xB4,0xA8,0xB4,0xA8,0x65,0xA8,0x00,0x00, /* $CDF0 */
    0x70,0x1F,0x00,0x71,0x00,0x58,0xC1,0x68,0x3F,0xA9,0x3F,0xA9,0x3F,0xA9,0x3F,0xA9, /* $CE00 */
    0x3F,0xA9,0x3F,0xA9,0x30,0x00,0xD0,0x1F,0xC5,0x68,0xB4,0xA8,0xB4,0xA8,0xB4,0xA8, /* $CE10 */
    0xB4,0xA8,0xB4,0xA8,0xB4,0xA8,0xDC,0x1F,0x00,0x00,0xC7,0x68,0xB4,0xA8,0xB4,0xA8, /* $CE20 */
    0xC5,0x68,0x24,0x00,0xE8,0x1F,0xB4,0xA8,0xB4,0xA8,0xB4,0xA8,0x00,0x71,0xE0,0x1F, /* $CE30 */
    0x28,0x00,0x00,0x71,0xB4,0xA8,0xB4,0xA8,0xB4,0xA8,0xB4,0xA8,0xB4,0xA8,0x65,0xA8, /* $CE40 */
    0x00,0x00,0x70,0x1F,0x00,0x71,0x00,0x58,0xC1,0x68,0x3F,0xA9,0x3F,0xA9,0x3F,0xA9, /* $CE50 */
    0x3F,0xA9,0x3F,0xA9,0x3F,0xA9,0x55,0x7F,0x06,0x20,0x02,0x22,0x0C,0x24,0x92,0x26, /* $CE60 */
    0x00,0x29,0x56,0x2A,0xD8,0x2C,0xBE,0x2D,0x24,0x2E,0x04,0x21,0x06,0x23,0x4E,0x25, /* $CE70 */
    0xC8,0x27,0xAA,0x29,0x96,0x2B,0x4A,0x2D,0xF0,0x2D,0xA6,0x2E,0x04,0x20,0x00,0x22, /* $CE80 */
    0x0A,0x24,0x90,0x26,0xFE,0x28,0x54,0x2A,0xD6,0x2C,0xBC,0x2D,0x22,0x2E,0x03,0xE0, /* $CE90 */
    0x01,0xE1,0x06,0xE2,0x49,0xE3,0x80,0xE4,0x2B,0xE5,0x6C,0xE6,0xDF,0xE6,0x12,0xE7, /* $CEA0 */
    0x82,0xE0,0x83,0xE1,0xA7,0xE2,0xE4,0xE3,0xD5,0xE4,0xCB,0xE5,0xA5,0xE6,0xF8,0xE6, /* $CEB0 */
    0x53,0xE7,0xDA,0xEE,0xE4,0xEE,0xE6,0xEE,0x61,0xAA,0x7C,0xAA,0x91,0xAA,0xAD,0xAA, /* $CEC0 */
    0xCA,0xAA,0x14,0xAB,0x6F,0xAB,0xC0,0xAB,0x15,0xAC,0x66,0xAC,0x7D,0xAC,0x94,0xAC, /* $CED0 */
    0xAB,0xAC,0xD8,0xAC,0xFA,0xAC,0x0D,0xAD,0x20,0xAD,0x39,0xAD,0x51,0xAD,0x6A,0xAD, /* $CEE0 */
    0x8C,0xAD,0x8A,0xAD,0x88,0xAD,0x86,0xAD,0x84,0xAD,0x82,0xAD,0x86,0xAD,0x8A,0xAD, /* $CEF0 */
    0x8C,0xAD,0xD7,0xAD,0xC2,0xAD,0xC5,0xAD,0xC8,0xAD,0xCB,0xAD,0xCE,0xAD,0xD1,0xAD, /* $CF00 */
    0xD4,0xAD,0xC2,0xAC,0xCB,0xAC,0x35,0xAE,0x59,0xAE,0x7E,0xAE,0xA2,0xAE,0xC5,0xAE, /* $CF10 */
    0xCB,0xAE,0xD2,0xAE,0xA2,0x02,0xAD,0x08,0x00,0xE0,0x01,0xF0,0x03,0xB0,0x02,0x4A, /* $CF20 */
    0x4A,0x4A,0xB5,0x0D,0x29,0x1F,0xB0,0x37,0xF0,0x10,0xC9,0x1B,0xB0,0x0A,0xA8,0xA5, /* $CF30 */
    0x07,0x29,0x07,0xC9,0x07,0x98,0x90,0x02,0xE9,0x01,0x95,0x0D,0xAD,0x08,0x00,0x29, /* $CF40 */
    0x08,0xD0,0x04,0xA9,0xF0,0x85,0x0C,0xA5,0x0C,0xF0,0x08,0xC6,0x0C,0xA9,0x00,0x95, /* $CF50 */
    0x0D,0x95,0x10,0x18,0xB5,0x10,0xF0,0x23,0xD6,0x10,0xD0,0x1F,0x38,0xB0,0x1C,0xC9, /* $CF60 */
    0x1B,0xB0,0x09,0xB5,0x0D,0x69,0x20,0x90,0xD1,0xF0,0x01,0x18,0xA9,0x1F,0xB0,0xCA, /* $CF70 */
    0x95,0x0D,0xB5,0x10,0xF0,0x01,0x38,0xA9,0x78,0x95,0x10,0x90,0x2A,0xA9,0x00,0xE0, /* $CF80 */
    0x01,0x90,0x16,0xF0,0x0C,0xA5,0x09,0x29,0x0C,0x4A,0x4A,0xF0,0x0C,0x69,0x02,0xD0, /* $CF90 */
    0x08,0xA5,0x09,0x29,0x10,0xF0,0x02,0xA9,0x01,0x38,0x48,0x65,0x16,0x85,0x16,0x68, /* $CFA0 */
    0x38,0x65,0x17,0x85,0x17,0xF6,0x13,0xCA,0x30,0x03,0x4C,0x26,0xCF,0xA5,0x09,0x4A, /* $CFB0 */
    0x4A,0x4A,0x4A,0x4A,0xA8,0xA5,0x16,0x38,0xF9,0xD9,0xCF,0x30,0x14,0x85,0x16,0xE6, /* $CFC0 */
    0x18,0xC0,0x03,0xD0,0x0C,0xE6,0x18,0xD0,0x08,0x7F,0x02,0x04,0x04,0x05,0x03,0x7F, /* $CFD0 */
    0x7F,0xA5,0x09,0x29,0x03,0xA8,0xF0,0x1A,0x4A,0x69,0x00,0x49,0xFF,0x38,0x65,0x17, /* $CFE0 */
    0xB0,0x08,0x65,0x18,0x30,0x0E,0x85,0x18,0xA9,0x00,0xC0,0x02,0xB0,0x02,0xE6,0x06, /* $CFF0 */
    0xE6,0x06,0x85,0x17,0xA5,0x07,0x4A,0xB0,0x27,0xA0,0x00,0xA2,0x02,0xB5,0x13,0xF0, /* $D000 */
    0x09,0xC9,0x10,0x90,0x05,0x69,0xEF,0xC8,0x95,0x13,0xCA,0x10,0xF0,0x98,0xD0,0x10, /* $D010 */
    0xA2,0x02,0xB5,0x13,0xF0,0x07,0x18,0x69,0xEF,0x95,0x13,0x30,0x03,0xCA,0x10,0xF2, /* $D020 */
    0x60,0x5D,0xD1,0x8F,0xD1,0x8F,0xD1,0xB1,0xD1,0xEB,0xD1,0x03,0xD2,0x61,0xD2,0xCB, /* $D030 */
    0xD2,0x33,0xD3,0x66,0xD3,0xB0,0xD3,0xE6,0xD3,0xFF,0xD3,0x17,0xD4,0x1D,0xD4,0x34, /* $D040 */
    0xD4,0x4C,0xD4,0x60,0xD4,0xA1,0xD4,0xAB,0xD4,0xEF,0xD4,0x30,0xD5,0x75,0xD5,0x85, /* $D050 */
    0xD5,0xA1,0xD5,0xA8,0xD5,0xE9,0xD5,0x1C,0xD6,0x62,0xD6,0x7A,0xD6,0x67,0xD1,0x97, /* $D060 */
    0xD1,0x97,0xD1,0xBD,0xD1,0xF0,0xD1,0x17,0xD2,0x75,0xD2,0xE0,0xD2,0x3F,0xD3,0x79, /* $D070 */
    0xD3,0xBE,0xD3,0xE6,0xD3,0xFF,0xD3,0x17,0xD4,0x22,0xD4,0x3A,0xD4,0x51,0xD4,0x6D, /* $D080 */
    0xD4,0xA1,0xD4,0xBA,0xD4,0xFD,0xD4,0x3F,0xD5,0x75,0xD5,0x85,0xD5,0xA1,0xD5,0xB9, /* $D090 */
    0xD5,0xF6,0xD5,0x29,0xD6,0x68,0xD6,0x7A,0xD6,0x75,0xD1,0x9F,0xD1,0x9F,0xD1,0xCF, /* $D0A0 */
    0xD1,0xF6,0xD1,0x30,0xD2,0x94,0xD2,0xFB,0xD2,0x50,0xD3,0x8B,0xD3,0xCB,0xD3,0xF5, /* $D0B0 */
    0xD3,0x0E,0xD4,0x17,0xD4,0x28,0xD4,0x41,0xD4,0x5B,0xD4,0x83,0xD4,0xA1,0xD4,0xCC, /* $D0C0 */
    0xD4,0x0E,0xD5,0x51,0xD5,0x75,0xD5,0x8E,0xD5,0xA1,0xD5,0xC8,0xD5,0x04,0xD6,0x3E, /* $D0D0 */
    0xD6,0x6F,0xD6,0x8F,0xD6,0x7F,0xD1,0xA8,0xD1,0xA8,0xD1,0xDE,0xD1,0xFC,0xD1,0x4D, /* $D0E0 */
    0xD2,0xAE,0xD2,0x16,0xD3,0x5E,0xD3,0xA0,0xD3,0xDA,0xD3,0xED,0xD3,0x06,0xD4,0x17, /* $D0F0 */
    0xD4,0x2D,0xD4,0x46,0xD4,0x56,0xD4,0x92,0xD4,0xA1,0xD4,0xDD,0xD4,0x1F,0xD5,0x63, /* $D100 */
    0xD5,0x75,0xD5,0x97,0xD5,0xA1,0xD5,0xD9,0xD5,0x10,0xD6,0x51,0xD6,0x74,0xD6,0xA1, /* $D110 */
    0xD6,0x51,0x56,0x00,0x1A,0x01,0x20,0x31,0x56,0x01,0x38,0x31,0xB0,0x41,0x00,0x11, /* $D120 */
    0xF6,0x30,0x38,0x31,0xCE,0x51,0x0A,0x31,0xE2,0x31,0xE2,0x51,0xBA,0x51,0x98,0x51, /* $D130 */
    0xD8,0x51,0xC9,0x31,0x56,0x51,0x80,0x51,0x80,0x51,0x80,0x51,0x80,0x71,0x92,0x51, /* $D140 */
    0x80,0x31,0xB0,0x51,0x89,0x41,0x89,0x00,0x00,0x71,0x5A,0x71,0xA0,0xE5,0x22,0x16, /* $D150 */
    0x2E,0x1E,0x00,0x32,0x40,0x1E,0xB8,0xD9,0x20,0x26,0x30,0x00,0x1C,0x1E,0x00,0x34, /* $D160 */
    0x16,0x38,0x3C,0x26,0x9E,0xE5,0x3A,0x34,0x26,0x1E,0x2C,0x1E,0x30,0x1C,0x9E,0xD3, /* $D170 */
    0x28,0x3E,0x1E,0x22,0x32,0x00,0x3C,0x1E,0x38,0x2E,0x26,0x30,0x16,0x1C,0xB2,0xCD, /* $D180 */
    0x34,0x2C,0x16,0x46,0x1E,0x38,0x80,0xC6,0x28,0x32,0x3E,0x1E,0x3E,0x38,0x80,0xC6, /* $D190 */
    0x3A,0x34,0x26,0x1E,0x2C,0x1E,0x38,0x80,0xC6,0x28,0x3E,0x22,0x16,0x1C,0x32,0x38, /* $D1A0 */
    0x80,0xDF,0x34,0x38,0x1E,0x3A,0x3A,0x00,0x3A,0x3C,0x16,0x38,0xBC,0xCD,0x16,0x34, /* $D1B0 */
    0x34,0x3E,0x46,0x1E,0x48,0x00,0x3A,0x3E,0x38,0x00,0x3A,0x3C,0x16,0x38,0xBC,0xD6, /* $D1C0 */
    0x3A,0x3C,0x16,0x38,0x3C,0x00,0x1C,0x38,0x3E,0x1E,0x1A,0x2A,0x1E,0xB0,0xDC,0x34, /* $D1D0 */
    0x3E,0x2C,0x3A,0x16,0x38,0x00,0x3A,0x3C,0x16,0x38,0xBC,0xF4,0x34,0x2C,0x16,0xC6, /* $D1E0 */
    0xF1,0x28,0x32,0x3E,0x1E,0xC8,0xF1,0x3A,0x34,0x26,0x1E,0xAC,0xEE,0x28,0x3E,0x1E, /* $D1F0 */
    0x22,0x3E,0x9E,0xC7,0x1E,0x30,0x3C,0x1E,0x38,0x00,0x46,0x32,0x3E,0x38,0x00,0x26, /* $D200 */
    0x30,0x26,0x3C,0x26,0x16,0x2C,0xBA,0xB8,0x3A,0x40,0x34,0x00,0x1E,0x30,0x3C,0x38, /* $D210 */
    0x1E,0x48,0x00,0x40,0x32,0x3A,0x00,0x26,0x30,0x26,0x3C,0x26,0x16,0x2C,0x1E,0xBA, /* $D220 */
    0xAC,0x22,0x1E,0x18,0x1E,0x30,0x00,0x3A,0x26,0x1E,0x00,0x26,0x24,0x38,0x1E,0x00, /* $D230 */
    0x26,0x30,0x26,0x3C,0x26,0x16,0x2C,0x1E,0x30,0x00,0x1E,0x26,0xB0,0xC7,0x1E,0x30, /* $D240 */
    0x3C,0x38,0x1E,0x00,0x3A,0x3E,0x3A,0x00,0x26,0x30,0x26,0x1A,0x26,0x16,0x2C,0x1E, /* $D250 */
    0xBA,0xC7,0x3A,0x34,0x26,0x30,0x00,0x2A,0x30,0x32,0x18,0x00,0x3C,0x32,0x00,0x1A, /* $D260 */
    0x24,0x16,0x30,0x22,0x9E,0xA6,0x3C,0x32,0x3E,0x38,0x30,0x1E,0x48,0x00,0x2C,0x1E, /* $D270 */
    0x00,0x18,0x32,0x3E,0x3C,0x32,0x30,0x00,0x34,0x32,0x3E,0x38,0x00,0x1A,0x24,0x16, /* $D280 */
    0x30,0x22,0x1E,0xB8,0xB5,0x2A,0x30,0x32,0x34,0x20,0x00,0x1C,0x38,0x1E,0x24,0x1E, /* $D290 */
    0x30,0x00,0x48,0x3E,0x2E,0x00,0x42,0x1E,0x1A,0x24,0x3A,0x1E,0x2C,0xB0,0xAC,0x22, /* $D2A0 */
    0x26,0x38,0x1E,0x00,0x2C,0x16,0x00,0x34,0x1E,0x38,0x26,0x2C,0x2C,0x16,0x00,0x34, /* $D2B0 */
    0x16,0x38,0x16,0x00,0x1A,0x16,0x2E,0x18,0x26,0x16,0xB8,0xC4,0x34,0x38,0x1E,0x3A, /* $D2C0 */
    0x3A,0x00,0x20,0x26,0x38,0x1E,0x00,0x3C,0x32,0x00,0x3A,0x1E,0x2C,0x1E,0x1A,0xBC, /* $D2D0 */
    0xB2,0x34,0x32,0x3E,0x3A,0x3A,0x1E,0x48,0x00,0x20,0x1E,0x3E,0x00,0x36,0x3E,0x16, /* $D2E0 */
    0x30,0x1C,0x00,0x1A,0x32,0x38,0x38,0x1E,0x1A,0x3C,0x9E,0xB2,0x20,0x26,0x38,0x1E, /* $D2F0 */
    0x00,0x1C,0x38,0x3E,0x1E,0x1A,0x2A,0x1E,0x30,0x00,0x42,0x1E,0x30,0x30,0x00,0x38, /* $D300 */
    0x26,0x1A,0x24,0x3C,0x26,0xA2,0xAC,0x32,0x34,0x38,0x26,0x2E,0x16,0x00,0x20,0x26, /* $D310 */
    0x38,0x1E,0x00,0x34,0x16,0x38,0x16,0x00,0x3A,0x1E,0x2C,0x1E,0x1A,0x1A,0x26,0x32, /* $D320 */
    0x30,0x16,0xB8,0xBC,0x24,0x26,0x22,0x24,0x00,0x3A,0x1A,0x32,0x38,0x1E,0xBA,0x9E, /* $D330 */
    0x2E,0x1E,0x26,0x2C,0x2C,0x1E,0x3E,0x38,0x3A,0x00,0x3A,0x1A,0x32,0x38,0x1E,0xBA, /* $D340 */
    0xB0,0x24,0x32,0x1E,0x1A,0x24,0x3A,0x3C,0x48,0x16,0x24,0x2C,0x1E,0xB0,0xD4,0x38, /* $D350 */
    0x1E,0x1A,0x32,0x38,0x1C,0xBA,0xC2,0x38,0x16,0x30,0x2A,0x26,0x30,0x22,0x00,0x20, /* $D360 */
    0x38,0x32,0x2E,0x00,0x04,0x00,0x3C,0x32,0x80,0xC2,0x34,0x2C,0x16,0x1A,0x1E,0x2E, /* $D370 */
    0x1E,0x30,0x3C,0x00,0x1C,0x1E,0x00,0x04,0x00,0x16,0x80,0xBC,0x38,0x16,0x30,0x22, /* $D380 */
    0x2C,0x26,0x3A,0x3C,0x1E,0x00,0x40,0x32,0x30,0x00,0x04,0x00,0x48,0x3E,0x2E,0x80, /* $D390 */
    0xC8,0x38,0x16,0x30,0x2A,0x26,0x30,0x22,0x00,0x1C,0x1E,0x00,0x04,0x00,0x16,0x80, /* $D3A0 */
    0xD9,0x38,0x16,0x3C,0x1E,0x00,0x46,0x32,0x3E,0x38,0x3A,0x1E,0x2C,0xA0,0xDC,0x1E, /* $D3B0 */
    0x40,0x16,0x2C,0x3E,0x1E,0x48,0x4C,0x40,0x32,0x3E,0xBA,0xD6,0x3A,0x1E,0x2C,0x18, /* $D3C0 */
    0x3A,0x3C,0x00,0x38,0x1E,0x1A,0x24,0x30,0x1E,0xB0,0xDF,0x1A,0x16,0x2C,0x26,0x20, /* $D3D0 */
    0x26,0x36,0x3E,0x1E,0x3A,0x9E,0xAA,0x30,0x32,0x40,0x26,0x1A,0x9E,0xAA,0x30,0x32, /* $D3E0 */
    0x40,0x26,0x1A,0x26,0xB2,0xAA,0x16,0x30,0x20,0x16,0x1E,0x30,0x22,0x1E,0xB8,0x4A, /* $D3F0 */
    0x1E,0x44,0x34,0x1E,0x38,0xBC,0x45,0x1E,0x44,0x34,0x1E,0x38,0x3C,0xB2,0x40,0x1E, /* $D400 */
    0x38,0x20,0x16,0x24,0x38,0x1E,0xB0,0x8B,0x18,0x32,0x30,0x3E,0xBA,0xE8,0x3C,0x26, /* $D410 */
    0x2E,0x9E,0xE0,0x1C,0x3E,0x38,0x1E,0x9E,0xE8,0x48,0x1E,0x26,0xBC,0xE4,0x3C,0x26, /* $D420 */
    0x1E,0x2E,0x34,0xB2,0x8B,0x2C,0x1E,0x40,0x1E,0xAC,0x8B,0x30,0x26,0x40,0x1E,0x16, /* $D430 */
    0xBE,0x8B,0x22,0x38,0x16,0x9C,0x8B,0x30,0x26,0x40,0x1E,0xAC,0x8B,0x24,0x32,0x2C, /* $D440 */
    0x9E,0x8B,0x3C,0x38,0x32,0xBE,0x8B,0x24,0x32,0x46,0xB2,0x8B,0x2C,0x32,0x1A,0xA4, /* $D450 */
    0xDC,0x26,0x30,0x3A,0x1E,0x38,0x3C,0x00,0x1A,0x32,0x26,0x30,0xBA,0xC1,0x26,0x30, /* $D460 */
    0x3C,0x38,0x32,0x1C,0x3E,0x26,0x38,0x1E,0x00,0x2C,0x1E,0x3A,0x00,0x34,0x26,0x1E, /* $D470 */
    0x1A,0x1E,0xBA,0xD6,0x22,0x1E,0x2C,0x1C,0x00,0x1E,0x26,0x30,0x42,0x1E,0x38,0x20, /* $D480 */
    0x1E,0xB0,0xD6,0x26,0x30,0x3A,0x1E,0x38,0x3C,0x1E,0x00,0x20,0x26,0x1A,0x24,0x16, /* $D490 */
    0xBA,0x00,0x20,0x38,0x1E,0x1E,0x00,0x34,0x2C,0x16,0xC6,0x0E,0x04,0x00,0x1A,0x32, /* $D4A0 */
    0x26,0x30,0x00,0x06,0x00,0x34,0x2C,0x16,0x46,0xBA,0xFA,0x04,0x00,0x34,0x26,0x1E, /* $D4B0 */
    0x1A,0x1E,0x00,0x06,0x00,0x28,0x32,0x3E,0x1E,0x3E,0x38,0xBA,0x00,0x04,0x00,0x2E, /* $D4C0 */
    0x3E,0x1E,0x30,0x48,0x00,0x06,0x00,0x3A,0x34,0x26,0x1E,0x2C,0x9E,0xFA,0x04,0x00, /* $D4D0 */
    0x2E,0x32,0x30,0x1E,0x1C,0x16,0x00,0x06,0x00,0x28,0x3E,0x1E,0x22,0x32,0xBA,0x14, /* $D4E0 */
    0x04,0x00,0x1A,0x32,0x26,0x30,0x00,0x04,0x00,0x34,0x2C,0x16,0xC6,0x00,0x04,0x00, /* $D4F0 */
    0x34,0x26,0x1E,0x1A,0x1E,0x00,0x04,0x00,0x28,0x32,0x3E,0x1E,0x3E,0xB8,0x00,0x04, /* $D500 */
    0x00,0x2E,0x3E,0x1E,0x30,0x48,0x1E,0x00,0x04,0x00,0x3A,0x34,0x26,0x1E,0xAC,0x00, /* $D510 */
    0x04,0x00,0x2E,0x32,0x30,0x1E,0x1C,0x16,0x00,0x04,0x00,0x28,0x3E,0x1E,0x22,0xB2, /* $D520 */
    0x0E,0x06,0x00,0x1A,0x32,0x26,0x30,0x3A,0x00,0x04,0x00,0x34,0x2C,0x16,0xC6,0xFA, /* $D530 */
    0x06,0x00,0x34,0x26,0x1E,0x1A,0x1E,0x3A,0x00,0x04,0x00,0x28,0x32,0x3E,0x1E,0x3E, /* $D540 */
    0xB8,0xFA,0x06,0x00,0x2E,0x3E,0x1E,0x30,0x48,0x1E,0x30,0x00,0x04,0x00,0x3A,0x34, /* $D550 */
    0x26,0x1E,0xAC,0xFA,0x06,0x00,0x2E,0x32,0x30,0x1E,0x1C,0x16,0x3A,0x00,0x04,0x00, /* $D560 */
    0x28,0x3E,0x1E,0x22,0xB2,0xD3,0x50,0x00,0x2E,0x1A,0x2E,0x2C,0x44,0x44,0x44,0x00, /* $D570 */
    0x16,0x3C,0x16,0x38,0xA6,0xA0,0x1A,0x38,0x1E,0x1C,0x26,0x3C,0x3A,0x80,0xA0,0x2A, /* $D580 */
    0x38,0x1E,0x1C,0x26,0x3C,0x1E,0x80,0xA0,0x1A,0x38,0x1E,0x1C,0x26,0x3C,0x32,0x3A, /* $D590 */
    0x80,0xDA,0x18,0x32,0x30,0x3E,0x3A,0x80,0xD0,0x06,0x00,0x1A,0x38,0x1E,0x1C,0x26, /* $D5A0 */
    0x3C,0x00,0x2E,0x26,0x30,0x26,0x2E,0x3E,0xAE,0xD6,0x06,0x00,0x28,0x1E,0x3E,0x44, /* $D5B0 */
    0x00,0x2E,0x26,0x30,0x26,0x2E,0x3E,0xAE,0xD0,0x06,0x00,0x3A,0x34,0x26,0x1E,0x2C, /* $D5C0 */
    0x1E,0x00,0x2E,0x26,0x30,0x26,0x2E,0x3E,0xAE,0xD3,0x06,0x00,0x28,0x3E,0x1E,0x22, /* $D5D0 */
    0x32,0x3A,0x00,0x2E,0x26,0x30,0x26,0x2E,0xB2,0xC8,0x18,0x32,0x30,0x3E,0x3A,0x00, /* $D5E0 */
    0x1E,0x40,0x1E,0x38,0x46,0x80,0xCE,0x18,0x32,0x30,0x3E,0x3A,0x00,0x1A,0x24,0x16, /* $D5F0 */
    0x36,0x3E,0x1E,0x80,0xCE,0x18,0x32,0x30,0x3E,0x3A,0x00,0x28,0x1E,0x1C,0x1E,0x80, /* $D600 */
    0xC8,0x18,0x32,0x30,0x3E,0x3A,0x00,0x1A,0x16,0x1C,0x16,0x80,0xB8,0x16,0x40,0x32, /* $D610 */
    0x26,0x1C,0x00,0x3A,0x34,0x26,0x2A,0x1E,0xBA,0x88,0x16,0x3C,0x3C,0x1E,0x30,0x3C, /* $D620 */
    0x26,0x32,0x30,0x00,0x16,0x3E,0x44,0x00,0x2C,0x16,0x30,0x1A,0x1E,0xBA,0x96,0x3A, /* $D630 */
    0x34,0x26,0x3C,0x48,0x1E,0x30,0x00,0x16,0x3E,0x3A,0x42,0x1E,0x26,0x1A,0x24,0x1E, /* $D640 */
    0xB0,0xA0,0x1E,0x40,0x26,0x3C,0x1E,0x00,0x2C,0x16,0x3A,0x00,0x34,0x3E,0x30,0x3C, /* $D650 */
    0x16,0xBA,0xE0,0x2C,0x1E,0x40,0x1E,0xAC,0xDA,0x30,0x26,0x40,0x1E,0x16,0xBE,0xE2, /* $D660 */
    0x22,0x38,0x16,0x9C,0xE0,0x30,0x26,0x40,0x1E,0xAC,0xC4,0x3A,0x3E,0x34,0x1E,0x38, /* $D670 */
    0x48,0x16,0x34,0x34,0x1E,0x38,0x00,0x38,0x1E,0x1A,0x24,0x16,0x38,0x22,0x9E,0xCD, /* $D680 */
    0x30,0x1E,0x3E,0x1E,0x38,0x00,0x3A,0x3E,0x34,0x1E,0x38,0x48,0x16,0x34,0x34,0x1E, /* $D690 */
    0xB8,0xCD,0x30,0x3E,0x1E,0x40,0x32,0x00,0x3A,0x3E,0x34,0x1E,0x38,0x48,0x16,0x34, /* $D6A0 */
    0x34,0x1E,0xB8,0x31,0xD0,0x6D,0xD0,0xA9,0xD0,0xE5,0xD0,0xAD,0x00,0x0E,0x85,0x0A, /* $D6B0 */
    0x29,0x38,0x4A,0x4A,0x4A,0xAA,0xBD,0xF7,0xD6,0x8D,0x56,0x01,0xAD,0x00,0x0D,0x49, /* $D6C0 */
    0x02,0x85,0x09,0xA5,0x0A,0x2A,0x2A,0x2A,0x29,0x03,0xAA,0xBD,0xFF,0xD6,0x8D,0x58, /* $D6D0 */
    0x01,0xA5,0x0A,0x29,0x06,0xA8,0xB9,0xB3,0xD6,0x85,0xAC,0xB9,0xB4,0xD6,0x85,0xAD, /* $D6E0 */
    0x20,0xE0,0xDB,0x8D,0x6A,0x01,0x60,0x02,0x01,0x03,0x04,0x05,0x06,0x07,0x00,0x03, /* $D6F0 */
    0x04,0x05,0x02,0x7C,0x48,0x8A,0x48,0x98,0x48,0xD8,0xBA,0xE0,0xD0,0x90,0x04,0xA5, /* $D700 */
    0x53,0x10,0x04,0x00,0x4C,0x3F,0xD9,0x8D,0x00,0x50,0x8D,0xCB,0x60,0xAD,0xC8,0x60, /* $D710 */
    0x49,0x0F,0xA8,0x29,0x10,0x8D,0x17,0x01,0x98,0x38,0xE5,0x52,0x29,0x0F,0xC9,0x08, /* $D720 */
    0x90,0x02,0x09,0xF0,0x18,0x65,0x50,0x85,0x50,0x84,0x52,0x8D,0xDB,0x60,0xAC,0xD8, /* $D730 */
    0x60,0xAD,0x00,0x0C,0x85,0x08,0xA5,0x4C,0x84,0x4C,0xA8,0x25,0x4C,0x05,0x4D,0x85, /* $D740 */
    0x4D,0x98,0x05,0x4C,0x25,0x4D,0x85,0x4D,0xA8,0x45,0x4F,0x25,0x4D,0x05,0x4E,0x85, /* $D750 */
    0x4E,0x84,0x4F,0xA5,0xB4,0xA4,0x13,0x10,0x02,0x09,0x04,0xA4,0x14,0x10,0x02,0x09, /* $D760 */
    0x02,0xA4,0x15,0x10,0x02,0x09,0x01,0x8D,0x00,0x40,0xA6,0x3E,0xE8,0xA4,0x05,0xD0, /* $D770 */
    0x10,0xA2,0x00,0xA4,0x07,0xC0,0x40,0x90,0x08,0xA6,0x06,0xE0,0x02,0x90,0x02,0xA2, /* $D780 */
    0x03,0xBD,0xDD,0xD7,0x45,0xA1,0x29,0x03,0x45,0xA1,0x85,0xA1,0x8D,0xE0,0x60,0x20, /* $D790 */
    0x24,0xCF,0x20,0x0A,0xCD,0xE6,0x53,0xE6,0x07,0xD0,0x1E,0xEE,0x06,0x04,0xD0,0x08, /* $D7A0 */
    0xEE,0x07,0x04,0xD0,0x03,0xEE,0x08,0x04,0x24,0x05,0x50,0x0D,0xEE,0x09,0x04,0xD0, /* $D7B0 */
    0x08,0xEE,0x0A,0x04,0xD0,0x03,0xEE,0x0B,0x04,0x2C,0x00,0x0C,0x50,0x09,0xEE,0x33, /* $D7C0 */
    0x01,0x8D,0x00,0x58,0x8D,0x00,0x48,0x68,0xA8,0x68,0xAA,0x68,0x40,0xFF,0xFD,0xFE, /* $D7D0 */
    0xFC,0xA9,0x00,0x85,0x05,0xA9,0x02,0x85,0x01,0xAD,0xCA,0x01,0xD0,0x15,0xAD,0x00, /* $D7E0 */
    0x0C,0x29,0x10,0xF0,0x0E,0xA9,0x00,0x85,0x00,0xAD,0xC9,0x01,0x29,0x03,0xF0,0x03, /* $D7F0 */
    0x20,0xAC,0xAB,0x60,0x20,0xBB,0xD6,0x20,0xA8,0xAA,0x20,0x0D,0xDD,0x20,0x41,0xDD, /* $D800 */
    0xAD,0x58,0x01,0x85,0x37,0x20,0x53,0xDF,0xA9,0xE8,0xA2,0xC0,0x20,0x75,0xDF,0xA9, /* $D810 */
    0x32,0xA2,0x6C,0x20,0x39,0xDF,0xC6,0x37,0xD0,0xF5,0xAD,0x6A,0x01,0x29,0x03,0x0A, /* $D820 */
    0xA8,0xB9,0x1F,0x3F,0xBE,0x1E,0x3F,0x20,0x39,0xDF,0xAD,0x00,0x02,0x20,0xCE,0xAD, /* $D830 */
    0x8D,0x00,0x02,0x29,0x06,0x48,0xA8,0xB9,0x17,0x3F,0xBE,0x16,0x3F,0x20,0x39,0xDF, /* $D840 */
    0x68,0x4A,0xAA,0xA5,0x4D,0x3D,0xB6,0xD8,0xDD,0xB6,0xD8,0xD0,0x1A,0xCA,0xCA,0x10, /* $D850 */
    0x03,0x4C,0x3F,0xD9,0xD0,0x06,0x20,0xE9,0xDD,0xB8,0x50,0x0B,0x20,0xED,0xDD,0xAD, /* $D860 */
    0xC9,0x01,0x09,0x03,0x8D,0xC9,0x01,0xAD,0xCA,0x01,0x2D,0xC6,0x01,0xF0,0x07,0xA9, /* $D870 */
    0x34,0xA2,0x6E,0x20,0x39,0xDF,0x20,0x53,0xDF,0xA5,0x09,0x29,0x1C,0x4A,0x4A,0xAA, /* $D880 */
    0xBD,0xBA,0xD8,0xA0,0xEE,0xA2,0x1B,0x20,0xA9,0xD8,0xA5,0x09,0x4A,0x4A,0x4A,0x4A, /* $D890 */
    0x4A,0xAA,0xBD,0xC2,0xD8,0xA0,0x32,0xA2,0xF8,0x85,0x29,0x98,0x20,0x75,0xDF,0xA9, /* $D8A0 */
    0x29,0xA0,0x01,0x4C,0xB1,0xDF,0x18,0x18,0x30,0x50,0x11,0x14,0x15,0x16,0x21,0x24, /* $D8B0 */
    0x25,0x26,0x00,0x12,0x14,0x24,0x15,0x13,0x00,0x00,0xA8,0xA9,0x00,0x84,0x79,0x4A, /* $D8C0 */
    0x4A,0x0A,0xAA,0x98,0x29,0x0F,0xD0,0x01,0xE8,0x9A,0xA9,0xA2,0x8D,0xC1,0x60,0xBA, /* $D8D0 */
    0xD0,0x07,0xA9,0x60,0xA0,0x09,0xB8,0x50,0x04,0xA9,0xC0,0xA0,0x01,0x8D,0xC0,0x60, /* $D8E0 */
    0xA9,0x03,0x8D,0xE0,0x60,0xA2,0x00,0x2C,0x00,0x0C,0x30,0xFB,0x2C,0x00,0x0C,0x10, /* $D8F0 */
    0xFB,0x8D,0x00,0x50,0xCA,0xD0,0xF0,0x88,0xD0,0xED,0x8E,0xC1,0x60,0xA9,0x00,0x8D, /* $D900 */
    0xE0,0x60,0xA0,0x09,0x2C,0x00,0x0C,0x30,0xFB,0x2C,0x00,0x0C,0x10,0xFB,0x8D,0x00, /* $D910 */
    0x50,0xCA,0xD0,0xF0,0x88,0xD0,0xED,0xBA,0xCA,0x9A,0x10,0xAE,0x4C,0x0A,0xDA,0x51, /* $D920 */
    0x00,0xA8,0xA5,0x01,0xC9,0x20,0x90,0x02,0xE9,0x18,0x29,0x1F,0x4C,0xCD,0xD8,0x78, /* $D930 */
    0x8D,0x00,0x50,0x8D,0x00,0x58,0xA2,0xFF,0x9A,0xD8,0xE8,0x8A,0xA8,0x84,0x00,0x86, /* $D940 */
    0x01,0xA0,0x00,0x91,0x00,0xC8,0xD0,0xFB,0xE8,0xE0,0x08,0xD0,0x02,0xA2,0x20,0xE0, /* $D950 */
    0x30,0x8D,0x00,0x50,0x90,0xE7,0x85,0x01,0x8D,0xE0,0x60,0x8D,0xCF,0x60,0x8D,0xDF, /* $D960 */
    0x60,0xA2,0x07,0x8E,0xCF,0x60,0x8E,0xDF,0x60,0xE8,0x9D,0xC0,0x60,0x9D,0xD0,0x60, /* $D970 */
    0xCA,0x10,0xF7,0xAD,0x00,0x0C,0x29,0x10,0xF0,0x1F,0x8D,0x00,0x50,0xCE,0x00,0x01, /* $D980 */
    0xD0,0xF8,0xCE,0x01,0x01,0xD0,0xF3,0xA9,0x10,0x85,0xB4,0x20,0x11,0xDE,0x20,0xAC, /* $D990 */
    0xAB,0x20,0x6E,0xC1,0x58,0x4C,0xA0,0xC7,0xA0,0xA2,0x11,0x9A,0xA0,0x00,0xBA,0x96, /* $D9A0 */
    0x00,0xA2,0x01,0xC8,0xB9,0x00,0x00,0xF0,0x03,0x4C,0xCA,0xD8,0xE8,0xD0,0xF4,0xBA, /* $D9B0 */
    0x8A,0x8D,0x00,0x50,0xC8,0x59,0x00,0x00,0xD0,0xEF,0x99,0x00,0x00,0xC8,0xD0,0xDE, /* $D9C0 */
    0xBA,0x8A,0x0A,0xAA,0x90,0xD5,0xA0,0x00,0xA2,0x01,0x84,0x00,0x86,0x01,0xA0,0x00, /* $D9D0 */
    0xB1,0x00,0xF0,0x03,0x4C,0x31,0xD9,0xA9,0x11,0x91,0x00,0xD1,0x00,0xF0,0x03,0x4C, /* $D9E0 */
    0x2F,0xD9,0x0A,0x90,0xF4,0xA9,0x00,0x91,0x00,0xC8,0xD0,0xE4,0x8D,0x00,0x50,0xE8, /* $D9F0 */
    0xE0,0x08,0xD0,0x02,0xA2,0x20,0xE0,0x30,0x90,0xD0,0xA9,0x00,0xA8,0xAA,0x85,0x3B, /* $DA00 */
    0xA9,0x30,0x85,0x3C,0xA9,0x08,0x85,0x38,0x8A,0x51,0x3B,0xC8,0xD0,0xFB,0xE6,0x3C, /* $DA10 */
    0x8D,0x00,0x50,0xC6,0x38,0xD0,0xF2,0x95,0x7D,0xE8,0xE0,0x02,0xD0,0x04,0xA9,0x90, /* $DA20 */
    0x85,0x3C,0xE0,0x0C,0x90,0xDE,0xA5,0x7D,0xF0,0x0A,0xA9,0x40,0xA2,0xA4,0x8D,0xC4, /* $DA30 */
    0x60,0x8E,0xC5,0x60,0xA2,0x05,0xAD,0xCA,0x60,0xCD,0xCA,0x60,0xD0,0x05,0xCA,0x10, /* $DA40 */
    0xF8,0x85,0x7A,0xA2,0x05,0xAD,0xDA,0x60,0xCD,0xDA,0x60,0xD0,0x05,0xCA,0x10,0xF8, /* $DA50 */
    0x85,0x7B,0x20,0x11,0xDE,0xA0,0x02,0xAD,0xC9,0x01,0xF0,0x0A,0x85,0x7C,0x20,0xF1, /* $DA60 */
    0xDD,0xA0,0x00,0x8C,0xC9,0x01,0x84,0x00,0xA2,0x07,0xBD,0xF9,0xDA,0x9D,0x00,0x08, /* $DA70 */
    0xCA,0x10,0xF7,0xA9,0x00,0x8D,0xE0,0x60,0xA9,0x10,0x8D,0x00,0x40,0xA0,0x04,0xA2, /* $DA80 */
    0x14,0x2C,0x00,0x0C,0x10,0xFB,0x2C,0x00,0x0C,0x30,0xFB,0xCA,0x10,0xF3,0x88,0x30, /* $DA90 */
    0x08,0x8D,0x00,0x50,0x2C,0x00,0x0C,0x50,0xE6,0x8D,0x00,0x58,0xA9,0x00,0x85,0x74, /* $DAA0 */
    0xA9,0x20,0x85,0x75,0x8D,0xCB,0x60,0xAD,0xC8,0x60,0x85,0x52,0x29,0x0F,0x85,0x50, /* $DAB0 */
    0xAD,0x00,0x0C,0x49,0xFF,0x29,0x2F,0x85,0x4E,0x29,0x28,0xF0,0x0B,0x06,0x4C,0x90, /* $DAC0 */
    0x04,0xE6,0x00,0xE6,0x00,0xB8,0x50,0x04,0xA9,0x20,0x85,0x4C,0x20,0x0F,0xDB,0x20, /* $DAD0 */
    0x0D,0xDF,0x8D,0x00,0x48,0xE6,0x03,0xA5,0x03,0x29,0x03,0xD0,0x03,0x20,0x1B,0xDE, /* $DAE0 */
    0xAD,0x00,0x0C,0x29,0x10,0xF0,0x96,0xD0,0xFE,0x00,0x04,0x08,0x0C,0x03,0x07,0x0B, /* $DAF0 */
    0x0B,0x59,0xDB,0xF6,0xDB,0x83,0xDB,0x99,0xDB,0x7D,0xDB,0x6E,0xDB,0x21,0xDB,0xA6, /* $DB00 */
    0x00,0xE0,0x0E,0x90,0x04,0xA2,0x02,0x86,0x00,0xBD,0x02,0xDB,0x48,0xBD,0x01,0xDB, /* $DB10 */
    0x48,0x60,0xA9,0x00,0x8D,0xE0,0x60,0x8D,0x80,0x60,0x8D,0xC0,0x60,0x8D,0xD0,0x60, /* $DB20 */
    0x8D,0x00,0x60,0x8D,0x40,0x60,0xAD,0x40,0x60,0xAD,0x60,0x60,0xAD,0x70,0x60,0xAD, /* $DB30 */
    0x50,0x60,0xA9,0x08,0x8D,0xE0,0x60,0xA9,0x01,0xA2,0x1F,0x18,0x9D,0x80,0x60,0x2A, /* $DB40 */
    0xCA,0x10,0xF9,0xA9,0x34,0xA2,0xA6,0x4C,0x39,0xDF,0xAD,0xCA,0x01,0x0D,0xC7,0x01, /* $DB50 */
    0xD0,0x0C,0x20,0x11,0xDE,0xAD,0xC9,0x01,0x85,0x7C,0xA9,0x02,0x85,0x00,0x60,0xA5, /* $DB60 */
    0x50,0x4A,0xA8,0xA9,0x68,0x20,0x4C,0xDF,0xA2,0x4E,0xA9,0x33,0xD0,0x0A,0xA2,0xB6, /* $DB70 */
    0xA9,0x32,0xD0,0x04,0xA9,0x33,0xA2,0x0A,0x20,0x39,0xDF,0xA2,0x06,0xA9,0x00,0x9D, /* $DB80 */
    0xC1,0x60,0x9D,0xD1,0x60,0xCA,0xCA,0x10,0xF6,0x60,0xA5,0x03,0x29,0x3F,0xD0,0x02, /* $DB90 */
    0xE6,0x39,0xA5,0x39,0x29,0x07,0xAA,0xBC,0xD5,0xDB,0xA9,0x00,0x99,0xC1,0x60,0xBC, /* $DBA0 */
    0xD6,0xDB,0xBD,0xDC,0xDF,0x99,0xC0,0x60,0xA9,0xA8,0x99,0xC1,0x60,0xA9,0x34,0xA2, /* $DBB0 */
    0x56,0x20,0x39,0xDF,0xA5,0x03,0x29,0x7F,0xA8,0xA9,0x01,0x20,0x6C,0xDF,0xA9,0x34, /* $DBC0 */
    0xA2,0xAA,0x4C,0x39,0xDF,0x16,0x00,0x10,0x02,0x12,0x04,0x14,0x06,0x16,0x00,0xEA, /* $DBD0 */
    0x8D,0xDB,0x60,0xAD,0xD8,0x60,0x29,0x07,0x85,0x37,0x8D,0xCB,0x60,0xAD,0xC8,0x60, /* $DBE0 */
    0x29,0x20,0x4A,0x4A,0x05,0x37,0x60,0xA5,0x2E,0xF0,0x1E,0x8D,0x95,0x60,0x8D,0x8D, /* $DBF0 */
    0x60,0xA5,0x2F,0x8D,0x96,0x60,0xA2,0x00,0x20,0xE6,0xDC,0xC9,0x01,0xD0,0x06,0x98, /* $DC00 */
    0xD0,0x03,0x8A,0x10,0x04,0xA9,0xFF,0x85,0x78,0xA2,0x00,0x86,0x73,0xE6,0x2E,0xD0, /* $DC10 */
    0x06,0xE6,0x2F,0x10,0x02,0x86,0x2F,0x8D,0xDB,0x60,0xAD,0xD8,0x60,0x29,0x78,0x85, /* $DC20 */
    0x4D,0xF0,0x05,0x8D,0xC0,0x60,0xA2,0xA4,0x8E,0xC1,0x60,0xA2,0x00,0xA5,0x4E,0xF0, /* $DC30 */
    0x06,0x0A,0x8D,0xC2,0x60,0xA2,0xA4,0x8E,0xC3,0x60,0x20,0x0D,0xDD,0xA4,0x4D,0xA9, /* $DC40 */
    0xD0,0xA2,0xF0,0x20,0x2B,0xDD,0xA4,0x4E,0x20,0x27,0xDD,0xA5,0x52,0x29,0x10,0xF0, /* $DC50 */
    0x1D,0xA9,0x34,0xA2,0x82,0x20,0x39,0xDF,0xA0,0x10,0xA5,0x4D,0x29,0x60,0xF0,0x0E, /* $DC60 */
    0x49,0x20,0xF0,0x04,0xA9,0x04,0xA0,0x08,0x8D,0xE0,0x60,0x8C,0x00,0x40,0xA9,0x34, /* $DC70 */
    0xA2,0x92,0x20,0x39,0xDF,0xA2,0x0B,0xB5,0x7D,0xF0,0x19,0x85,0x35,0x86,0x38,0x8A, /* $DC80 */
    0x20,0x1F,0xDF,0xA0,0xF4,0xA2,0xF4,0xA5,0x35,0x20,0xA9,0xD8,0xA9,0x0C,0xAA,0x20, /* $DC90 */
    0x75,0xDF,0xA6,0x38,0xCA,0x10,0xE0,0x20,0x53,0xDF,0xA9,0x00,0xA2,0x16,0x20,0x75, /* $DCA0 */
    0xDF,0xA2,0x04,0x86,0x37,0xA6,0x37,0xA0,0x00,0xB5,0x78,0xF0,0x03,0xBC,0xE1,0xDC, /* $DCB0 */
    0xB9,0xE4,0x31,0xBE,0xE5,0x31,0x20,0x57,0xDF,0xC6,0x37,0x10,0xE8,0xA2,0xAC,0xA9, /* $DCC0 */
    0x30,0x20,0x75,0xDF,0xA4,0x50,0xB9,0xE8,0xDF,0xBE,0xE4,0xDF,0xA0,0xC0,0x4C,0x73, /* $DCD0 */
    0xDF,0x2E,0x38,0x34,0x36,0x1E,0xA0,0x00,0x84,0x73,0x8C,0x14,0x04,0x8D,0x8E,0x60, /* $DCE0 */
    0x8E,0x8F,0x60,0x8C,0x90,0x60,0xA2,0x10,0x8E,0x8C,0x60,0x8E,0x94,0x60,0xCA,0x30, /* $DCF0 */
    0x0B,0xAD,0x40,0x60,0x30,0xF8,0xAD,0x60,0x60,0xAC,0x70,0x60,0x60,0x20,0x53,0xDF, /* $DD00 */
    0xA9,0x00,0x20,0x6A,0xDF,0xA9,0xE8,0xAC,0x00,0x0D,0x20,0x29,0xDD,0xAC,0x00,0x0E, /* $DD10 */
    0x20,0x27,0xDD,0x20,0xE0,0xDB,0xA8,0xA9,0xD0,0xA2,0xF8,0x84,0x35,0x20,0x75,0xDF, /* $DD20 */
    0xA2,0x07,0x86,0x37,0x06,0x35,0xA9,0x00,0x2A,0x20,0x1F,0xDF,0xC6,0x37,0x10,0xF4, /* $DD30 */
    0x60,0xAD,0x0F,0x04,0x0A,0x85,0x29,0xAD,0x10,0x04,0x2A,0x85,0x2A,0xAD,0x0C,0x04, /* $DD40 */
    0x18,0x65,0x29,0x8D,0x95,0x60,0x85,0x29,0xAD,0x0D,0x04,0x65,0x2A,0x8D,0x96,0x60, /* $DD50 */
    0x05,0x29,0xD0,0x05,0xA9,0x01,0x8D,0x95,0x60,0xAD,0x09,0x04,0x8D,0x8D,0x60,0xAD, /* $DD60 */
    0x0A,0x04,0xAE,0x0B,0x04,0x20,0xE6,0xDC,0x8D,0x12,0x04,0x8C,0x13,0x04,0xA9,0x3D, /* $DD70 */
    0xA2,0xCE,0x20,0x39,0xDF,0xA9,0x06,0x85,0x3B,0xA9,0x04,0x85,0x3C,0x85,0x37,0xA0, /* $DD80 */
    0x00,0x84,0x31,0x84,0x32,0x84,0x33,0x84,0x34,0xB1,0x3B,0x85,0x56,0xE6,0x3B,0xB1, /* $DD90 */
    0x3B,0x85,0x57,0xE6,0x3B,0xB1,0x3B,0x85,0x58,0xE6,0x3B,0xF8,0xA0,0x17,0x84,0x38, /* $DDA0 */
    0x26,0x56,0x26,0x57,0x26,0x58,0xA0,0x03,0xA2,0x00,0xB5,0x31,0x75,0x31,0x95,0x31, /* $DDB0 */
    0xE8,0x88,0x10,0xF6,0xC6,0x38,0x10,0xE8,0xD8,0xA9,0x31,0xA0,0x04,0x20,0xB1,0xDF, /* $DDC0 */
    0xA9,0xD0,0xA2,0xF8,0x20,0x75,0xDF,0xC6,0x37,0x10,0xB4,0x60,0x73,0x00,0x09,0x0A, /* $DDD0 */
    0x15,0x16,0x22,0x15,0x06,0x15,0x07,0x06,0x04,0xA9,0x04,0xD0,0x06,0xA9,0x03,0xD0, /* $DDE0 */
    0x02,0xA9,0x07,0xA0,0xFF,0xD0,0x08,0xA9,0x03,0xD0,0x02,0xA9,0x04,0xA0,0x00,0x8C, /* $DDF0 */
    0xC6,0x01,0x48,0x0D,0xC7,0x01,0x8D,0xC7,0x01,0x68,0x0D,0xC8,0x01,0x8D,0xC8,0x01, /* $DE00 */
    0x60,0xA9,0x07,0x8D,0xC7,0x01,0xA9,0x00,0x8D,0xC8,0x01,0xAD,0xCA,0x01,0xD0,0x4B, /* $DE10 */
    0xAD,0xC7,0x01,0xF0,0x46,0xA2,0x00,0x8E,0xCB,0x01,0x8E,0xCF,0x01,0x8E,0xCE,0x01, /* $DE20 */
    0xA2,0x08,0x38,0x6E,0xCE,0x01,0x0A,0xCA,0x90,0xF9,0xA0,0x80,0xAD,0xCE,0x01,0x2D, /* $DE30 */
    0xC8,0x01,0xD0,0x02,0xA0,0x20,0x8C,0xCA,0x01,0xAD,0xCE,0x01,0x4D,0xC7,0x01,0x8D, /* $DE40 */
    0xC7,0x01,0x8A,0x0A,0xAA,0xBD,0xDD,0xDD,0x8D,0xCC,0x01,0xBD,0xDE,0xDD,0x8D,0xCD, /* $DE50 */
    0x01,0xBD,0xE3,0xDD,0x85,0xBD,0xBD,0xE4,0xDD,0x85,0xBE,0xA0,0x00,0x8C,0x40,0x60, /* $DE60 */
    0xAD,0xCA,0x01,0xD0,0x01,0x60,0xAC,0xCB,0x01,0xAE,0xCC,0x01,0x0A,0x90,0x0D,0x9D, /* $DE70 */
    0x00,0x60,0xA9,0x40,0x8D,0xCA,0x01,0xA0,0x0E,0xB8,0x50,0x73,0x10,0x25,0xA9,0x80, /* $DE80 */
    0x8D,0xCA,0x01,0xAD,0xC6,0x01,0xF0,0x04,0xA9,0x00,0x91,0xBD,0xB1,0xBD,0xEC,0xCD, /* $DE90 */
    0x01,0x90,0x08,0xA9,0x00,0x8D,0xCA,0x01,0xAD,0xCF,0x01,0x9D,0x00,0x60,0xA0,0x0C, /* $DEA0 */
    0xB8,0x50,0x3F,0xA9,0x08,0x8D,0x40,0x60,0x9D,0x00,0x60,0xA9,0x09,0x8D,0x40,0x60, /* $DEB0 */
    0xEA,0xA9,0x08,0x8D,0x40,0x60,0xEC,0xCD,0x01,0xAD,0x50,0x60,0x90,0x20,0x4D,0xCF, /* $DEC0 */
    0x01,0xF0,0x13,0xA9,0x00,0xAC,0xCB,0x01,0x91,0xBD,0x88,0x10,0xFB,0xAD,0xCE,0x01, /* $DED0 */
    0x0D,0xC9,0x01,0x8D,0xC9,0x01,0xA9,0x00,0x8D,0xCA,0x01,0xB8,0x50,0x02,0x91,0xBD, /* $DEE0 */
    0xA0,0x00,0x18,0x6D,0xCF,0x01,0x8D,0xCF,0x01,0xEE,0xCB,0x01,0xEE,0xCC,0x01,0x8C, /* $DEF0 */
    0x40,0x60,0x98,0xD0,0x03,0x4C,0x1B,0xDE,0x60,0xA9,0xC0,0xD0,0x05,0x20,0x53,0xDF, /* $DF00 */
    0xA9,0x20,0xA0,0x00,0x91,0x74,0x4C,0xAC,0xDF,0x90,0x04,0x29,0x0F,0xF0,0x05,0x29, /* $DF10 */
    0x0F,0x18,0x69,0x01,0x08,0x0A,0xA0,0x00,0xAA,0xBD,0xE4,0x31,0x91,0x74,0xBD,0xE5, /* $DF20 */
    0x31,0xC8,0x91,0x74,0x20,0x5F,0xDF,0x28,0x60,0x4A,0x29,0x0F,0x09,0xA0,0xA0,0x01, /* $DF30 */
    0x91,0x74,0x88,0x8A,0x6A,0x91,0x74,0xC8,0xD0,0x15,0xA4,0x73,0x09,0x60,0xAA,0x98, /* $DF40 */
    0x4C,0x57,0xDF,0xA9,0x40,0xA2,0x80,0xA0,0x00,0x91,0x74,0xC8,0x8A,0x91,0x74,0x98, /* $DF50 */
    0x38,0x65,0x74,0x85,0x74,0x90,0x02,0xE6,0x75,0x60,0xA0,0x00,0x09,0x70,0xAA,0x98, /* $DF60 */
    0x4C,0x57,0xDF,0x84,0x73,0xA0,0x00,0x0A,0x90,0x01,0x88,0x84,0x6F,0x0A,0x26,0x6F, /* $DF70 */
    0x85,0x6E,0x8A,0x0A,0xA0,0x00,0x90,0x01,0x88,0x84,0x71,0x0A,0x26,0x71,0x85,0x70, /* $DF80 */
    0xA2,0x6E,0xA0,0x00,0xB5,0x02,0x91,0x74,0xB5,0x03,0x29,0x1F,0xC8,0x91,0x74,0xB5, /* $DF90 */
    0x00,0xC8,0x91,0x74,0xB5,0x01,0x45,0x73,0x29,0x1F,0x45,0x73,0xC8,0x91,0x74,0xD0, /* $DFA0 */
    0xAE,0x38,0x08,0x88,0x84,0xAE,0x18,0x65,0xAE,0x28,0xAA,0x08,0x86,0xAF,0xB5,0x00, /* $DFB0 */
    0x4A,0x4A,0x4A,0x4A,0x28,0x20,0x19,0xDF,0xA5,0xAE,0xD0,0x01,0x18,0xA6,0xAF,0xB5, /* $DFC0 */
    0x00,0x20,0x19,0xDF,0xA6,0xAF,0xCA,0xC6,0xAE,0x10,0xE0,0x60,0x10,0x10,0x40,0x40, /* $DFD0 */
    0x90,0x90,0xFF,0xFF,0x00,0x0C,0x16,0x1E,0x20,0x1E,0x16,0x0C,0x00,0xF4,0xEA,0xE2, /* $DFE0 */
    0xE0,0xE2,0xEA,0xF4,0x00,0x0C,0x16,0x1E,0x00,0x00,0x04,0xD7,0x3F,0xD9,0x04,0xD7, /* $DFF0 */
};
